subject,L0,L4,L11,L23,L30,L31,L32,L35,L36,L37,L38,L39,L40,L41,L44,L45,L47,L48,L49,L50,L51,L52,L55,L56,L57,L58,L59,L60,L61,L62,L71,L72,L73,L75,L76,L100,L101,L102,L103,L104,L105,L106,L107,L108,L109,L112,L113,L114,L115,L116,L117,L118,L119,L120,L121,L122,L123,L124,L125,L128,L129,L132,L133,L134,L135,L136,L137,L138,L139,L140,L141,L142,L143,L144,L145,L146,L147,L148,L149,L150,L151,L152,L153,L154,L155,L156,L157,L160,L161,L162,L163,L164,L165,L166,L167,L168,L169,L170,L171,L172,L173,L174,L175,L176,L177,L178,L179,L180,L181,L182,L183,L184,L185,L186,L187,L190,L191,L192,L193,L194,L195,L196,L197,L198,L199,L200,L201,L202,L203,L204,L205,L206,L207,L208,L209
sub-BRA012_ses-12,-1.3843726995556176,3.3662968045947324,0.6261421920999711,0.4052308404558343,0.40436264812657613,1.8213747882541151,1.1818848320073296,2.1423492369504595,1.5349250713470202,1.6009102112707316,2.226011266356211,2.459687798713392,1.7753323056196015,1.8745485654261358,0.610397741272101,0.4702312269858132,2.2145680811550688,2.365319343018551,2.306383383175049,0.2648765139049792,1.2736631595292744,0.8127762043680029,1.3951509540660192,2.2953668324750254,2.1504586031684068,2.195793710384167,0.9373722273021271,0.9506289525655298,2.5127767073126916,2.6133573708846396,2.303730555019976,0.5723586839338605,1.8288857599808752,0.5223161211377667,0.3862755614036555,-0.2528408617741905,-0.5234849248082784,0.03368737599318022,0.5969650220643246,1.2232415777259038,2.4663966988753496,0.6595025779317196,-0.37662314871207747,-1.4665274588467834,-1.2915973596494914,-0.050825767512391866,1.8706113132267097,1.817107141330449,1.5473531000913785,0.7244066390845568,0.720181054321596,1.4280312114543718,-0.6656073129198595,0.8245421336703637,0.459089909789468,1.3295979254844983,1.5591015045297172,0.409041764573958,-0.5005040249057844,1.631415139013703,1.007186165796763,1.8180462593235656,1.5310368096745601,1.4173411273395822,0.9358237593416128,0.7904408669823979,0.1313493173455097,0.4161344617809903,0.701774781962601,1.8415631101370846,-0.3268379107102715,0.2594959549191442,0.29352791221778063,0.45182744708347916,1.1215859416320522,2.7443148565623967,2.113246651664926,0.9455996471706086,-0.9899754655075932,1.9750738024971257,0.895586858223337,-0.22060615110110782,1.1784122110505113,2.6109725598205222,2.1659415515885696,-2.0551084459682496,-0.8273301737288812,-0.41300847838099114,-0.6918447999347644,0.8080153411083105,1.1906828675386978,1.1344843482752556,0.9243341470005991,0.4836627377375115,1.5383137066584216,1.3634406766195177,0.37909604788623663,-0.12006698746202395,0.5129262497382622,0.8396847833678186,0.9021526547194549,1.1321010415063464,1.3827948127456595,0.3907126436917861,1.4795819417749911,1.8570278713679993,1.586331630478276,-0.4429763482948082,0.47958939780115056,0.6188787250691193,1.5347727841482441,1.5495601638658336,0.8244382876658118,1.2692213671854327,1.8789569358342195,0.9885674626577636,1.0336824577834856,0.057924767216081384,0.37570557069412674,0.9876268461622888,0.43315039305330344,-0.44267438981458945,-0.7849018961873993,0.7285498068610199,-1.3390444372417196,0.646966046030967,1.6377580460974457,1.5258283569219044,1.322287705605065,0.546776669531679,-1.2014433015672514,-0.359640646600618,1.8496314906585096,0.34868551928347874,0.6870318084132985
sub-BRA013_ses-12,0.2904528282741988,-0.4489455823479347,-0.09259239918714265,-0.5220194595579102,0.3292351615893979,0.44966301103549355,0.5063464999518402,-0.3873922989788223,1.3517092859758035,0.6462056330045125,0.5811453466602959,1.2478312190118142,-0.5971530010429799,-0.03419931282000666,0.1948576063158671,0.1847460027743526,-0.456203966244105,-0.21415495718967992,-0.7277362282606832,-0.6076023211983747,-0.26736048328470624,-0.17868828628827518,0.21047797898571324,-0.265483449771578,0.5572783773191282,-0.31604764157371873,-0.4954495662705696,-0.8935578079122902,-0.09680022905483007,0.16636374074272434,0.8456029498605063,0.995523346228644,0.5880846336084715,-0.07949638942406047,0.8751820018955827,-1.119964268767645,0.4688033926524951,-0.7832158087055466,-0.37920496973148915,-1.427692719612102,-0.2267447362092698,-0.12972934241316977,0.4574943397589025,0.029124860252895245,-0.8019516011859233,-0.5807508459022819,-0.035196171050257886,-0.670965242993293,0.0603553610849062,1.0549331301578253,0.5796837646304914,-0.3162906720625449,-0.2940551169372729,-1.4368373796538845,-1.5324048054686359,1.1142043801749988,-0.34779192261657027,-1.4843040597049812,-1.526537275962642,0.9819377332088176,-0.3743338423550178,0.8485617361582675,0.745896380733287,-0.3600717466246242,0.1374941806309546,-0.39214405521620943,-0.8234929361416695,-0.6713525785594814,0.9266173511372302,-0.44637974229855226,0.24722617165811359,-1.371706332462721,-1.2778957786652239,-1.1535336691925897,-1.57287820599611,-0.7239616819189042,-1.6805330844311126,-0.0464120644425615,0.5942098271844563,-0.22760969527667257,-0.4877953944483416,0.7102014161693251,-0.9216884914282308,-0.2515630725475505,0.684373461116564,-0.8428817695692585,-0.3988658047167783,0.6144023264574516,-0.12294151221177031,-0.7433928721560618,-1.0893598505734134,-0.380512269398906,-0.4402566273928425,1.2255633144162879,0.2309210965485644,-0.3438782694086842,-0.022972353817649463,-0.15832914208222168,-0.7057370809651775,0.3039986775359851,0.06359503575971026,-0.5016262427722045,0.31872886559869246,-1.3072716273898106,-0.4554611219225926,1.070793013675063,2.1416247934708514,-0.45680347323584425,-1.9636608242216524,-0.6349467801089368,-0.2375550304712172,0.35890232244687936,0.31839527437173676,-0.6245173668664113,-0.12431194317119942,-0.9498107956751434,-0.19241133888166617,0.7283986561983141,-0.5930482246927058,1.3263178649271132,0.7880205945909498,1.0317660679065324,-0.7566993445674557,-1.0254238236292883,-0.9589207184146816,-0.2743243445815674,0.2539268035584667,0.18485304516956813,0.46651171299157856,0.19921320517820865,0.4880154311465416,-0.2398625436867836,-0.23646503451453776,-0.8347385056433027,0.35795350873525256
sub-BRA033_ses-12,1.3400228000494387,-0.7097262511970306,0.279384275250925,-0.9256460607403636,-0.8728046230054525,0.5284970212204725,0.7849190080159594,-1.584892730904764,-1.235655097681124,-1.17156893231041,-1.7888396868261132,-1.503252434263465,-1.5415339578339475,-1.3750153386451165,-0.5569004686374947,-0.5429225816898036,-0.8312485516235625,-0.40825401344297274,-0.6500379027437632,-0.4791391798334637,-1.2457489617444477,-0.9269680532201052,-0.2647687377616186,-0.8553002786272095,-0.13120307742288156,-0.7565571324021543,-0.936465951657865,-0.8762044679933371,-0.03665633039335135,0.06184391231957784,-1.222310302950955,-0.797547256715356,-1.3053024161154279,-0.12172884630559223,-0.1697356846459867,-1.1672392895219508,-0.1273658171358727,-1.4508155392817919,-1.9197558989681387,-0.6939997928741085,-0.5270172039066906,0.8375248156034986,0.5742048500034582,-1.4547738060444282,-0.642499236037845,-0.03850192848006899,-0.9479339124299981,-1.2623598965461573,-0.06536007543229365,0.659981984044853,0.7237835489290597,0.14609306531416158,-0.6429171024781748,0.7214074543235836,0.531209883016922,-0.023190494830367156,-1.2460887741748006,-0.4617527843787606,0.18590149496500485,-0.3408007580501445,-0.4943387583173549,-0.8379611441402662,0.8811640201763523,-1.32894203571258,-1.1063993921333857,-0.9834365163155131,-0.2839076001866752,-1.534036096348951,0.35406742088926657,-0.7449529297864871,0.5812270923088111,-0.7180602730189878,-0.5643306265086868,-0.9971760793621753,-0.27435375331223,-0.8356054121813629,-1.6433391654497793,-0.6031106199048047,0.408115771717619,-0.5241552777703378,-0.7636946639418508,0.5025175480670115,-0.6367755006317386,0.6229211010727937,1.007519763225356,1.892614489100864,0.3626485990316231,-0.26191865414004356,-1.0652562243089303,-0.5424910891434087,0.11918738252426342,-0.884057907791325,-0.1640894468608365,-0.5775897789026179,-0.29816217484839574,0.04643800881310211,-0.4010764136981243,-0.47619934969617483,0.624163267753789,-0.6063580572302522,0.3442692801222693,-1.3763044349259035,-0.04013259108616624,0.5104052636756611,-0.8725514405034941,-0.6932321034032688,-1.0056836583157385,-0.3358161300017792,0.8732588709148003,-0.629671216973545,-1.0727210148822832,-0.3959455560008639,-0.8340094638672781,-0.24720699290921286,-0.8654243394429945,-0.06804553658284461,0.1267958392156401,-0.4050500470006311,-1.6528258666259519,0.5466040490006062,1.0425610009294703,-1.061400125682164,-0.47467382836802036,-1.6831639350631535,-1.2416869499338534,-0.015989539105755065,-0.1915205902306754,0.31296574929095555,0.3836024575824771,0.3221319913519966,-1.0863718089365908,-1.0158163408242322,-1.6094694682321404,-1.2933298735531478,-1.6841670092834835
sub-BRA041_ses-12,0.15216929686908068,-0.19664558565653298,-1.389256851889333,0.3288690510429376,0.5546176212009326,0.985734280293346,0.8406335096287834,-0.08757972128279809,-0.12295435237788609,0.11557741874493953,-1.7610357308096956,-2.255401872470656,-0.9536848207386626,-0.5614167311063594,0.1785851703882516,0.25641881706039177,1.405380975730298,0.9249000308230632,-0.10614962412532196,-0.5915444285277608,-1.2217394285307117,-1.045274135031999,1.5604541598911783,1.1455973179969592,-0.3379371781580856,-0.5034984887347551,0.0014160556941560478,0.34483963175844407,-0.05336296891042861,0.41844097399854924,-0.8434267520040065,-0.182524039905564,-1.5827624175403838,-0.26954244539095285,0.06992433520299722,2.6458643581608867,0.13339600751279557,-0.09641991974212617,-0.9623986050870184,1.1268439669136125,-0.017252316885487638,-0.9237085224293072,0.37441228161871043,1.0913612322657313,1.1594535984231817,1.3075351569392117,-0.25680169247781254,-0.29162969683911705,-0.05266154649116152,-0.07109779705788336,-0.44342470388934324,-0.03110788793200151,1.129755588278441,0.52727158731788,0.8213288662273619,-1.6625205546067383,-1.0702054304515634,1.5436039569853828,1.362085953493597,-1.2052460376073504,-1.103144185638478,-0.08138302606224876,-0.9545060650917749,-0.12840204962972152,0.238190326997592,0.7754984582181562,-0.7687884320356332,-0.7373886133088379,1.4205338145700228,0.7579772723999718,0.16372594149543998,1.0797576765740258,0.3144848088386515,0.3709528316539536,0.1982138048871703,-1.3261057353016732,-0.8849964839970307,0.3303012437649714,-0.6416455668132568,1.3122072063348167,-0.08560420582048012,-1.3680081154683417,0.7817488952419664,-1.4182599380098324,-0.6312936260406596,0.39960854091458897,1.192573280185318,0.5932497510637186,-0.8137526473039777,0.24995483273983132,0.2718131928896914,0.9818947608836133,0.04941795321432799,0.29818759356781743,0.3144605604533471,-0.9876902810132219,-0.11084160717015432,0.8776922753262169,-0.11988878608340181,-0.6249367661030318,-0.14084669778832723,-0.08200450879654955,0.17893980979703272,-0.19206659567798018,-1.235238674052104,-1.044893512480472,-0.7358034147634032,0.03060268093567546,1.1669487953011726,0.2677606897247276,-0.4799451581307507,-0.26874743283701735,-0.007024716478140479,-0.32985593196650365,-0.32172616226543277,-1.5432509733308273,-0.5052766525134628,-0.8980102766458875,-1.4522018783195703,-0.729373612602701,-0.3555532747620423,1.3510626059115873,1.1416849113499925,0.3477969433719501,-0.7262649583039698,-0.11973845696752741,0.9073762852790006,0.266209287932785,-0.6208384067990544,0.08194585744919196,1.5798869805397437,0.7313816386362643,0.1019515512609274,0.4663679477436662,-0.054387215497205904
sub-BRA043_ses-12,1.5414295129976439,0.5284518838263187,-0.2439049447212715,-1.132913774861083,-1.5811494960702752,-0.20203147316032577,-0.5591933433934176,-1.1573389965639378,-1.9729869168579688,-2.4992049864618706,-0.05975598731235387,-0.35713028772507643,-0.5068667546505436,-0.4710168858242763,-1.003941762357394,-1.110662584757286,0.08931543067147148,-0.9624578977451376,0.8068057006984899,0.952689583296273,1.4667986693515334,3.07262078388387,-0.47828537861911663,-0.7209116340778249,-0.2070688024633235,-0.32776331952128324,-0.1950191901988756,-0.9834796602195911,-0.47437025954078554,-1.3276549831881423,-1.3256421804819416,0.37512091761001987,-0.390794251418773,-1.3992606669719272,-0.7353333314895882,0.01961254730983642,-1.0688951534627458,-1.6321125907162353,-1.9051238005900428,-1.636554209705399,-0.3780448168320011,-0.6543015360860138,-1.4078956799125613,0.3112125275094157,-1.139200408888496,-1.662510049850636,-2.5739644259046788,-0.6762337922454349,-1.1409254767461119,-0.8750054490750685,-1.7331177733615295,-1.6231477022529965,-2.4070809643191593,-1.5687891017593234,-1.8897264910046578,-1.9675801911763016,-1.9257735600883292,-1.8275633217402858,-2.49179503828094,-0.6938969251497017,-1.2260760507706283,-2.754879169943964,-2.321150313595359,0.08869240152775343,-1.905387115591539,-1.7348262141745565,-2.1612667183711034,0.2250514676126385,-0.9310983023711836,-1.610479698009939,-1.4819244279605994,-0.45085380308595885,-1.3971096004265708,-0.9917844383335409,-0.7396669849603241,-2.1039513969663455,-1.1536192321955518,1.9920255033026448,-1.0806366720170775,-0.47816692540500955,-1.0240503126188238,-1.8299847725672165,-1.590176922130956,-3.0107114134531194,-1.8344365544278571,-0.6949262251544024,-0.6995109712084644,-2.556973084360035,-1.602309714070599,-1.0543122982470712,-1.3728077841092086,-1.7015021259608365,-1.6238302582442967,-1.1995590593513659,-2.2585549278139756,-2.684097159048126,-1.6614232799663733,-0.764637130679207,-1.7909159900499851,-2.0431115433919325,-2.3030779136184125,-1.342734696207851,-2.735766323858482,-0.551144455629605,0.9878207221693756,-0.4587911640184653,-0.7959925338290313,-1.7634667801637505,-1.404400223528453,-0.7527676901326815,-0.9659253645768456,-1.1007482712366015,-1.5161972428507366,-0.4771866494164579,-0.37027064237057256,-1.3660873690745934,-0.9160885395570166,-1.7471972415822403,-0.5512515604622097,0.7295334227719816,-1.2176463298063775,-0.12337785180953457,-2.38715936009544,0.21390582654062873,-0.19795741688333993,-1.6064604499267172,-2.4738448701353875,-1.9060959067678283,-2.5391870405751664,-1.657284323929353,-1.2969003352267767,-1.5157597268993666,-1.5804623323085292,-1.2598135452364676,-1.2993521852737835
sub-BRA047_ses-12,0.11393308779973167,0.727747679532132,0.27097802272125115,-2.21288765370062,-2.933444253739482,0.10279336622159028,-1.0675881706104364,-0.4299726845270883,-2.0690634872355576,-1.5892521853018802,-0.5785616883433404,-0.4085463295061857,-2.3198409431585327,-2.6923688092061746,-0.47563317200773925,-0.5598070427475724,0.46208701856378204,-0.5385046959287353,1.972280583452292,2.852873549318914,2.247285039483348,2.6305231091884815,-2.11754216971861,-1.975205649872081,-1.6940370132559843,-1.6118016225743814,-0.8652100291280401,-1.0244966454825706,-0.91876684409505,-0.31012371236279995,-0.08310824572662742,0.29801888168342844,-0.2997873709513876,-1.3675863243107784,0.02199233123320044,-0.5364909863000261,-0.6518752888528514,0.7034200130568893,-0.04057640726698836,-0.14239124211488657,-0.6806449780774642,-1.0257746053611267,-0.35090727357344664,-0.8171381415166674,-1.6302572502294805,-0.760131169594984,-0.6667719071187886,-0.6314511236022327,-1.660295310438381,0.3602672845123131,0.14017942251985785,0.4257383196557624,-0.7053151811928078,0.01311487704496256,-0.16540349474825877,0.5196792098637111,0.4799528532108692,0.3367766567770519,-0.0035750287493274287,1.0157837388634392,-1.328519271714087,0.026590936517729095,0.9495329901122497,-1.486201267116405,-0.9267258760674255,-1.875711782523127,-1.109448298514132,-1.1434399759165845,-1.100651715191396,-1.368937344087115,-1.346236553946254,-0.23607883524734627,-0.6072750867973565,-1.0052635409051283,0.10598022444912986,0.9946196740884536,1.3321743530569177,0.5061007875951535,1.1954367756157755,-0.8286298865338861,-0.06034582199360977,-1.4105044845189803,-1.5066158682931152,-0.8424501619478326,-0.9169318752261089,0.4113777319475891,0.4958686129261422,-0.7061227374084291,-0.5897057926794778,-1.2759420429991246,-1.4833836263127333,-0.9080362715242973,-0.6839335513916713,-1.6695223945783346,-2.1234994611679094,0.1286982136856513,-0.18628490550311205,0.32436265466489106,0.6488826050905734,-0.08305775731360553,-0.023032817438610163,0.4924110203790144,-0.31136508741774666,-0.25727843691057334,0.2240440774023036,0.5590255972131163,-0.440682572893223,1.3165253004520283,1.304420674801177,-1.025924625809621,-1.1243189133444613,-0.30628130524602115,-0.7623573557902409,1.2117264530586214,1.6977242101083656,0.2665968270122636,0.6940403830750935,-1.5001174184510415,-0.8809808005027902,-0.8416668915514667,-1.2724561253318256,-0.9890262437343511,-1.468813772971029,-1.4162185208807077,-1.2781960076743035,-1.1001657307612702,-1.355952370157091,-0.5136884875215035,-1.0811277213116532,-0.935313062609746,-1.0942175925250446,0.21841889354875627,-0.6256441081563231,0.8078203952200798,0.5033888621510179
sub-BRA051_ses-12,-0.8849995134524057,-0.13410062849353874,0.4580171415064941,-0.9910990230942751,-0.21812224032432856,1.4429715393662195,1.1540275812009175,0.6164548726454089,0.9517626325435155,0.411791562448075,1.2774531147236319,1.1185318059251446,-0.22019144676214802,-0.17221434378502132,0.9764563873872181,0.8960469974376105,0.9348704958906139,0.051454277683247125,1.8868124253836807,2.09547627835496,0.6746606139836406,1.405794740242715,0.520421489907886,-0.13109480522219347,0.278471837795504,0.5977752383363322,1.0221090000402981,0.4915542328914099,0.30081776765161633,0.41229274879718836,0.33659777535601937,0.8753876158313966,-0.523975052102752,-0.427914158696697,-1.5405909981821735,-0.1259447534336846,0.6529291085303723,-0.5528619080594299,-0.29977357853611275,1.4562024705222745,0.3179355540325633,-0.5237518951267084,0.05395291450653918,0.5918309881656426,2.076657468743987,1.3527225667243967,0.7141074982766599,-0.26133553863930487,1.1943339955279297,0.9344870359531595,1.3866425567024727,-1.8197300097604585,0.7128229714124849,1.578335304778446,1.7375803442761517,0.24093462181612307,0.26929031722597474,-1.4301052288573022,-0.9044822735797386,-0.4258731506414885,2.0745469630552704,0.890382637157556,-0.7618967089282787,2.5626486028806084,1.404422819557598,0.6239397407522693,0.33027478682200506,1.4403955114039928,0.08376487871211681,-0.3725751341554671,-0.3859839070754996,0.5733082044916553,0.8483703391473949,0.3884756649970172,0.24692142601737233,-0.27189608561025913,0.7019440592065416,-0.24314012539538446,1.2717830547816575,0.09589457653459765,0.4409359493396672,0.26741666767396416,0.31058536275872045,0.5482525016832083,-0.0650662886402096,-0.5099817946358326,-0.9497485648751963,0.8213953856675489,0.44486350661600627,1.653078396637722,-0.6564009191286272,0.9818947608836133,1.8270991321010217,1.0428772701589208,-0.14082951782772132,1.3164348452637764,0.4864918019837412,0.4891842437980519,1.961479417673792,0.3132880319723756,-0.9759392026201387,0.8896529285426348,-0.006750129999202557,0.558282311669211,-0.4101252177290159,1.6168688602908843,0.3922571715956397,1.0814641764544155,0.2546354131647811,0.9582732867793089,0.3516209728992329,-0.297940444710687,0.6288877427055642,1.2692213671854327,1.8368850530764318,1.691432219412886,2.1428040876403522,1.0558393926780103,1.1735574501162638,1.8714836224041815,-0.49954511046449074,0.665639370994069,2.5623884492046454,0.5486336186189321,0.8593735298351843,0.757977388143062,0.9919068141643599,1.0591988725673616,0.992556643863121,-1.4481811014727934,0.515475673706131,0.010109149350783912,-0.37666619147865926,-0.49139672074054325,0.2537385332650095
sub-BRA052_ses-12,1.0027281384206237,0.4044220535200414,-1.6204287964553636,0.5688632463406122,0.23264267889874019,-0.9903715750101081,-1.5829473105290575,-0.3208969023691982,-0.18551584006561744,0.7143988171663854,0.5974650599742796,0.11581051853153654,-0.4752336172283758,-0.9230161122346965,-0.709377463014631,-0.8306045087429644,-0.0379724286088297,-0.2013852824361741,-1.2055809301897424,-1.124131202103121,-0.5378208133100263,-0.5210814643623194,-0.6780267523245165,-1.1240775677259787,-0.13878964992692575,-0.49178281078718955,-0.7612148989493761,-2.0625418879072117,-1.2228276651058603,-0.7527959268608351,0.8634627805448746,0.48629129499254836,1.42268431789474,0.09999155232244958,-0.1697356846459867,-1.4770150834120086,-0.03181949970735367,-0.35236869823781036,-0.7470977289521818,-1.039424564951485,-0.28028168781423607,1.1995033655361178,0.1297817770948102,0.04822454605672203,-0.4647027934833507,-0.7108358134656918,0.03959569243154089,-0.8975128608353707,-0.8552085755706581,-0.7797690024946354,-1.401688269474822,-1.8834116023332983,-1.1165752454483426,0.8867262785706279,1.0081851604984924,-1.2892367181653885,-0.3865458797081317,1.034134947017195,0.09652577623182866,-0.9463698321949806,-0.34604000038015803,-1.6797018242531947,-0.9449491123050366,-0.7796854031021477,-0.7720618604062507,0.6709015968684601,0.7355854308803658,-0.3243121406213724,-1.066249573459758,-0.4396702324673627,-1.7637377047596254,-0.1564606283632307,-0.622735092501277,-1.9622798234878394,-0.866099533425954,0.12343253302402142,-1.0647670924068098,-1.134694954819879,-1.099723241808548,-0.10074527495852711,-0.22938269837343522,-0.21443732333569235,-1.6113188755116143,-1.3385655675074852,-2.051550476157202,-0.4612237174991188,0.13041370994523122,-1.5114315006126788,0.7128411170492311,1.649889479447044,-0.46639735928595144,0.5372051061993991,-1.0598922341327217,-0.2679996886344061,-1.1349491382946415,-0.2590998949992202,-0.5714895111090426,-1.020699242368224,-1.785972122582628,-1.089404487922541,-1.1214739959933175,-0.2852879265892002,-0.8788669258961285,-1.0777919835586562,-0.6144034683894835,-0.207196009556727,-0.9435529547641215,-0.8128519404675222,-0.05780067660795692,-0.4643702387312767,0.44761706306142446,-0.2895995841753528,0.16912004921124246,0.5792823976636983,-0.24081869542353407,-0.9480738975941998,-1.0760444544093095,-0.842837112257367,-0.4370073448988534,-0.7637860690547422,-1.0671516370076897,-1.454489641359499,0.4207571855651861,-1.4505281195687325,-1.2560042274791277,-0.2992240848683927,-0.3871755222574634,-0.381835266491462,0.2740097636509056,-1.6007699394816344,-0.20895167762780167,-0.4507761596872309,-0.4709393832303959,-0.7042965792216302,-0.39195609136336584
sub-BRA061_ses-12,-0.6331924487665643,0.8263354933653267,1.6475018744553436,2.1288255157754996,1.3058924865727142,0.7176986456644203,0.6456327539838994,1.1682500059147432,0.7685468471722989,0.8124265193990772,1.1253372684019258,0.7191354644946742,0.8948766473692654,0.9381165803285169,0.08588447125541844,-0.06102627986756089,0.7325737195344213,0.3272792523589779,0.880619109939564,0.43080807150132233,0.727975900972966,0.494317065905799,0.7477133979174806,1.182927497038454,1.7350937585719872,1.9239899820006652,0.6947169235519133,1.0247750413101464,1.4736237915504646,1.7126423788851657,1.0777807487572904,-0.43893313612655566,0.29286719209231826,1.060779946377297,0.7026267876043143,-0.6497022202116538,-0.47670704023389826,0.7823375530930605,0.3043230545024108,-0.731487752634444,-0.3827002039280851,1.1104922467002278,2.3301375549822874,-1.351929344023822,-1.161777734927162,-0.26033103106188327,0.24458079975202954,0.1061457716975526,-0.3193306542549182,0.15018688764371094,0.03210458429593157,0.17931824404781715,-0.20896682778095524,-0.4919417144620629,-0.10967442452704394,0.22826441326850555,1.4567513101596978,0.27896457053952695,-0.9044822735797386,1.753992564898004,1.2315856021490987,0.08437981789856291,0.2687838916107334,1.0552613360097989,-0.7444197810114878,0.41901527769980285,-0.007898511288037435,0.41191939573315883,-0.5637325745940565,-0.5973437135003169,-0.2920461481424905,0.5620451410787806,0.3285705918133353,-0.6062821047861383,0.5122225113222985,-0.4530883691509712,-0.5399195690035452,-0.6282248404519736,0.0979590126062241,-0.4115631047379835,0.12812058040688576,0.7211682210856188,1.2660003036275247,1.2102183539639606,0.684373461116564,1.8304059079264352,-0.4708766230381402,-0.5127277623800162,1.5607047041576323,0.5736299275935489,0.5739500011641104,0.5154065937148787,0.4694705555361182,1.2046450650738416,2.013096326517273,-0.11052789232125021,0.4456636640623759,1.3309516454424086,1.7686685864468779,-0.38651000223568416,1.16550132844235,1.1526158818340444,0.8465890315363056,1.6033227040801499,1.3835764976003593,0.7820303932132939,-0.1979845121447198,1.1747972698064078,-0.15153150353977743,0.19390280582924532,0.5364134464614525,0.6841958833249125,0.176583810469267,-0.6281107989993375,-0.9689858970006253,0.03558938224678227,0.7039055055769965,0.38776433693005974,0.6775703679143766,0.7748129707351941,1.205132428335461,-0.9833498608364835,-0.41298074669939444,0.8130685743607922,-1.2717532327789298,-0.7443069424953931,-0.3767279287997222,-0.47441305998063943,-1.178331675929221,0.7926142418792556,-0.12787858054710904,0.5230718944382914,1.1607120124727406,0.11215600230576701,1.4536486713336902
sub-BRA063_ses-12,1.3166171949848455,-1.1517812874168398,-0.16404554568937038,-0.511110632498925,0.12531769813134333,1.3799043312182369,1.2863495225313752,-0.26606736481389376,-0.6279149315717252,-0.38521627744381365,-0.7085149610287728,-0.46148098855509095,-0.30454647988792877,-0.6897707099038235,-1.7701220545760483,-1.7537365735136392,0.7075707471757904,0.9759787298370876,0.0026280315983663563,-0.35335235391365494,-1.3885703762290977,-1.1625881323003966,0.4790956884515961,-0.6985135266529283,-0.5522578513973339,-1.0541353522702988,-1.3620756510927656,-1.387339207424315,-0.7316524927037806,-0.4238658785879892,-0.08310824572662742,-0.21838545196444406,0.07089919095235424,-0.29065867383171873,0.117856339172794,0.14402049666327277,-1.1246305052960486,-1.5254672663430326,-0.9205926097210305,0.1735787044365118,-0.589864929703825,-0.5243453025856151,-1.4975715521908644,-0.4189831528368907,-0.22622978719994138,-0.18638799686794538,-0.954859084974609,-2.131670523149476,-0.4691732957602676,2.0913297547095957,1.4983198895338636,-0.5876296317207316,0.24483738105273817,-0.05968607308217627,-0.31456071210503816,-0.5787304080720621,-1.0503316063020447,0.39097548762473106,-0.5612795136443444,-0.09381639246237183,-1.9948880327082013,-1.8249344077234477,-0.742047653140438,-1.1187516483728337,-0.7352057545465666,-0.8425509479669429,0.14875529592470338,-0.8427652645046202,-0.9777869232926906,-0.4698630267077153,-0.6434429500770789,-0.987985413430987,-0.9869041157491976,-1.3988533359954824,-1.2681964908412335,1.0330544009001197,0.38372941903290886,-0.34778271100858815,-0.2026544616094361,0.29729184378965373,-0.5013960626628106,-0.35769121255477987,0.384078819748628,-0.5229547126366229,-1.40381525451949,-0.054345970358264745,0.4652640151395636,-1.2077409538883743,-0.889533201074029,-0.28418879669857,0.6113277506413582,-0.7728854941202713,-1.1643252015607912,-0.9806147162337571,-1.1934267630279893,-1.1261896055435325,-1.7457422604561494,0.03886811634495198,0.0037079006005166087,-0.29980936082937576,-1.7140085118698316,-1.6150225769209428,-0.173662435434021,0.7720780949507541,0.6544684854519032,1.3652737058291446,-0.031008246349749847,-1.8187752799278947,-0.9638653369488938,-0.019464414313256462,-0.238754981598245,-1.6679267876393258,-0.5175459865270307,-0.5778027491383776,-0.8395339500535868,-0.5005331587377673,0.6059589321652407,-0.8656260279830603,0.201088395686721,-1.82604426427169,-0.9714667397344501,0.3520192158868811,0.5829218573798607,-0.03965047595868505,-0.18936705035617488,-0.9020052976452864,-1.0026337550407562,-0.34910574354074236,-0.5722364294902704,0.05227580561413975,1.0084524091806668,-0.7502214169718167,-0.6570685054069023,-0.018285924115905367,-0.5605351121306048
sub-BRA074_ses-12,-0.3050145454214995,1.5980766597154965,-0.4603659473603734,-0.3911135348500874,-0.5615621787799998,0.5547750246154647,-0.3502639623453277,-0.4760528277916524,-0.5027919561962605,-0.15932635490761024,-0.038399325444670174,0.48027866280268783,-0.9879540529460107,-0.785001081269683,0.2847118151989714,0.09636101784950102,-0.2720911697850972,-1.6213731150260522,1.4788962164198494,2.181118372598234,1.1601474988202138,0.2317866935831796,-0.6849143859005656,0.5035182384832328,0.1684665364868636,-0.8502825559826714,0.014896905902500686,0.16026319807503528,0.24067386899013762,-0.15334396972807882,-0.18261301668239216,-0.01576847383177207,0.11085343115754745,-0.3328911307132505,-0.783265335459385,-1.3190169877331435,-0.39907565732322653,2.0706130715213398,0.7809114016746709,-0.43693949737466525,-0.5758987684155729,-0.02528962964572568,-0.1860619201206839,2.1535976042785676,0.6359418509016154,-0.09738249274561252,0.2958270765821514,0.7054432491286287,1.1867148781632506,-0.5108660945028243,1.278567718478547,0.37036302176633645,0.006590171415048807,0.7851082856848297,0.9983506186947491,1.9631083528653794,1.2470824653822787,-1.4951438258745176,-0.3467777886847225,1.082560993263095,-0.6787365560155799,-0.33534995213064805,0.46065809755986564,0.8726872039409684,1.2912219229885677,0.13084025153227252,-0.3038001471343248,1.2549326052994167,-0.47895586818395036,-0.31554430059035554,-0.16679580289847978,0.7372051962238335,1.0435099666991097,0.5731393702277663,0.26143007911998484,0.7347277118381392,0.0014585850580890905,-1.2686374644047798,-0.5175828631686986,-0.37667538915049387,1.272519663024329,2.0611746967952618,0.36595714542234953,0.2495781041248638,0.1260805195268217,1.6639559204597225,-1.2755975177793588,1.7566413977190145,0.5426094382904199,-0.34956159910744883,1.4087197394893096,1.520318019251265,0.7827694578203267,0.30794944326096,1.3684501300520293,1.0016636531494325,0.8255428603742151,-0.5939290562198611,-0.46595950879837494,1.1183654164595234,0.3165483670988066,0.3805118913188396,1.7041010007076847,0.5450748501537489,-0.07037261806656876,-1.6481500760194154,0.6213641409422274,-0.5363094416468019,0.23276488688068914,0.1393886534301994,-0.045562850146833984,0.12744344259135595,1.5543941387006281,-0.4735932172835318,-0.2925994742023495,0.629608525929447,-1.3987748905430104,-0.39185646421207176,0.5150277847957808,0.7784353345722506,-0.807966332743283,0.4229740021102265,-1.2026521920578126,0.6657883458463386,-0.11992825426159374,0.25479513651346947,0.6490357925057663,0.11752374081380221,-0.2863424453209544,-0.3249577105743835,0.9012267001384604,-0.049779902106133596,0.34609494528465595,-0.33745454249528345,0.2401810003194725
sub-VUM005_ses-12,-1.8834326822637497,1.2365880089937826,-1.723405389943868,-1.8856228419310634,-2.310959365288577,-3.276557870374477,-2.2515213298829444,0.0034139793408967827,0.0401523833794168,0.6824332620905073,-0.08917176686595421,-0.14842888606504892,-0.8508771241166181,-0.07560382210951118,1.6601359038679004,1.880428306147437,-1.8700084032503057,-0.2192628270910829,-0.2576613588833162,-0.46843391805305445,2.056797639942016,0.49667326669660167,-2.7994178937473913,-0.48946452402055235,-2.39389832675406,-0.8010767086028996,-1.0250543958841343,-0.12843327512209096,-0.06004562431725892,-0.47919990540024293,1.8801974273621076,2.740181042893156,1.1940572767205757,-2.370607175247157,-3.3044887442706936,0.6192588631934021,0.364299607965052,-0.6488426999953116,0.045125883233287346,0.639500490029252,-1.4371453811911212,-1.2150715847521196,-0.735326637825289,-0.8950060913322694,0.3650139384376236,-1.0613805681628796,0.07283652064567409,-0.626182574350092,-0.6939372580182906,-3.339948772333335,1.8441593718504277,0.8272092293541004,0.1966206838641585,0.5212048414739519,0.22797817740149048,0.7467683322940889,0.04869086916632127,-0.03900190376686007,-0.4862039099084763,1.2307516126157596,-0.08359022482025047,0.1748650400606572,0.015157067654985798,1.0322477899507032,2.3027903998873995,1.3176944333778067,-0.8210063677732137,0.7097840631132373,2.173694988909081,0.4459850652496579,0.9639364805544018,-0.07412375100014618,-0.12629713156425554,1.2605736013787276,-0.039106306577002564,-0.623299302174064,-0.08326089706605885,0.489357973897041,1.8682383607651099,-1.229838615790021,1.725227619305931,-1.2590254916126726,-0.5954983535552145,-0.800808058442102,-1.3886677716081397,1.2352211042575825,3.1008599657014067,1.9152857131720087,0.9698360385302749,1.5191438746292862,0.9041201215464656,-0.8775183540459689,0.33950952940340995,-0.860683420003729,-0.45967180506431066,0.11946492538363118,1.4663671120965216,-2.8160772668544394,-0.505510448537229,-1.1513335174984756,-0.019567703310677715,1.2011055044267873,0.5106780168487337,0.701913455649861,0.002698192221901433,-1.2250127707883085,1.0446295588876169,0.06171371205300773,0.3702367663806935,0.6018796882995244,1.247984464788697,1.9290693182235386,0.18852582848210656,0.8308226469684976,1.3320224599829822,0.17975192296509016,1.4459036480415974,-0.3858593811263632,0.5224583028812023,0.5484152309191352,0.8419014105312206,-0.2894120515721634,-1.0193356065281796,1.2875452196317854,1.6919232190928986,0.6116914139579638,0.1428024004170388,-1.4628446530923693,0.23970248555058807,0.2020389244005943,0.7403881365751501,0.9370875110317622,0.7376912802534091,2.729664777832723,0.9170990341557526
sub-VUM010_ses-12,0.5936760394925297,0.5284518838263187,-0.2838346442372225,-1.0674608125071714,-1.012327098003069,-1.7524336734648975,-1.7918766915771476,0.024995818591388115,-0.08497059199604787,-0.3021058342465308,0.16469044024047028,0.6909325723784536,-0.6960065554872543,-0.02522833580728083,-1.0445042484160283,-1.1310789994036694,-1.669984624381261,-1.8512272605891615,1.7663800208324538,1.776994740387785,0.5067704221728838,0.15117982442413277,-0.9053186603341111,-0.2878815571964763,-1.047281707286217,-0.805762979781926,-0.9133559227292721,-1.3620979857240196,-1.9512371044504455,-1.5397687526351198,0.6899672824681571,0.5669794721250283,1.1474439964811833,-2.20167734772103,-1.0037525537204497,-0.6783160485629445,-0.40902839872203045,0.15526304577863137,-1.1588867833071614,-0.28966536974477625,0.36448942499340375,-1.9069846818364364,-0.769614471343464,-0.03258181695946907,1.046566968229853,-0.17269484238758614,-0.9091529461801761,-0.5484714728810072,-0.9847335707701974,0.5591433935479238,-1.3440483557553948,-0.9392627733185861,-1.2527165080984508,-0.74826172636803,0.6459462040605986,-0.9305723531251365,-1.0572874447543765,0.26812480436999064,-0.8472818135905061,-0.47801429448779653,0.3291096081233958,-1.3147194155321411,-1.3456059791336827,-0.47897506792995614,-0.1277381526092728,0.06680135682837628,0.6535286747213115,-0.7486287894363879,0.27051936239814794,0.17089516217088688,-0.591255306225407,-1.3806391068936215,-1.6764203701440794,-0.2315630532960069,-0.44638492581464384,0.396136070878224,0.37753043253601964,-1.4569941185085462,-1.1903844483180328,0.2877770122657925,-0.2643558452106406,-1.4386069221169828,-0.5129440594021673,0.8239519455832172,0.1296870630771436,-0.02240102326869334,-1.3782129338872993,-0.8360599862556436,0.5491990516617289,2.2350557839362777,-0.7218119807138105,-1.599049117283591,0.2838119467751061,-0.48276038188352544,-0.3844862875500054,-0.6578100716773889,-1.1137936908906614,0.15071133754245467,-0.5030385148035509,-0.052093242525637566,0.4308971333205897,-0.3841321572590211,0.3166424617807575,0.12078514896952945,-0.7130757304578555,1.1537050532135917,0.5456423459886941,-0.3047050988844477,-1.698090147914826,-1.120884762246669,-0.5015442784172436,-0.08524850105966573,-0.4190243379211044,0.16963113451016884,0.12811935337552494,-0.8102799831726852,-0.894244339731374,-0.08840406007521204,-1.3751102531833221,-0.62432506132805,-0.057350827920198105,-0.9762543822141491,0.7732890808144794,0.3285500953274479,0.5751755705614848,-0.47974720194787507,-1.1489000634491313,-1.5769304188063058,-1.2755356305467882,-0.8364128898262378,-0.29787055829694875,-1.1824641361826105,-1.128434464165586,0.5345393830997542,-0.3974338824524718
sub-VUM013_ses-12,-0.8259310461320836,-0.8220951572864785,1.4016189879623826,0.8088574416382874,-0.07859976532671184,-0.35969949353028235,0.7988476334191654,-0.06016495250514587,0.7506721364043754,1.0319233309201057,1.1402466361208743,1.4090215947222107,1.2995171968944952,1.6240512842246357,1.345361523752064,1.3190630485813581,-0.2652721773236532,0.1382880660070881,-0.607303823709457,-0.48181549527856604,0.1039045781012259,-0.12437165753187114,0.4997585891797418,0.33179941489235343,1.2154135420449605,1.5725196435737214,1.8174791623326678,1.6621158892426007,1.4201625482958162,0.9256695531108808,-0.4377534550305061,-0.16638640447906822,-0.21987889054100018,1.3880814872091676,0.8847684026895415,-0.012733519522056896,-0.47173066953449627,0.09127585115470961,0.3565805487098963,-0.019216517188070634,-0.33614633296724467,-0.1172677857761458,-0.34563222226295764,0.828373250813037,0.17169558423154624,-0.20555841314044757,-0.5808997675656115,-0.449686174403357,0.6089318113417777,-0.30638784155071813,-0.15522513529220733,0.3842068462386932,1.7764265858664543,1.0338448652858874,0.877057936448576,0.16686263338389737,1.1218773732403136,0.3187103798278249,1.3656609822429238,1.1100037005506265,1.3135401789038668,0.2311331614051528,-0.09585061471405179,0.7691262466750352,1.6505689551204878,-0.1317192167537004,-0.1247672246054785,1.7916510153899332,-0.5649612225130439,1.61343977587664,1.0265616531764077,1.053736116275315,1.7103515460615735,1.6056386272113674,0.010637646917671249,1.772465335753125,0.8197248026474306,-0.16361176032934965,0.5703516149451182,0.8903830087769834,1.8748349696650872,1.9645297284704228,2.2415504381921947,-0.2716661569985932,0.330210884475009,-0.6848383471261171,-0.8003261168583703,1.5723118121450574,-1.1289558202315826,1.1524183977014293,0.6627221561725737,0.27562295638515516,0.6829779556112827,-1.0168730150939977,0.4300234855216307,0.27475204682670645,1.0642987103926353,1.607616455773071,1.0172007314086515,0.4154709307726673,0.33733905186640284,-0.43262177985176353,-0.3969076439530909,2.2248988616515852,0.8502129188524035,0.010090714751138988,-0.4290330659772953,-0.4222356608832541,0.5514496984488805,2.034488166399184,1.3469804327684567,0.1107617215206876,-0.486198189243327,-0.7646612200505134,-0.7683353792327157,0.8316676693458702,0.1930330902998503,0.910709982003859,2.8342782422079766,-0.11809971509934242,0.09685978321919841,1.8193641949856687,0.49655154304378374,1.2164155638151468,1.1013355203503234,0.2651700282996464,0.7601601956471942,0.8852648363149648,1.7015737246030243,1.0257360777260955,0.542935916265721,-0.5236845701565215,-0.8577011955452138,-0.8551588786486006,-0.303489765274303
sub-VUM020_ses-12,-0.7295321201011349,-0.46590692666332306,1.29654083134146,0.9615810204640808,1.5205424481075092,0.9226670721453633,1.5927792814019073,-0.20773806954229324,1.1215723848387888,1.4091168808154648,0.6540803617178564,-0.13606300259870582,0.19762957668898462,1.0236858995268245,1.3544702925511949,1.4931625169372313,0.4939089833838568,1.1138912171749542,-0.23046694495239411,-0.2971497295665065,-1.0086548212588047,-0.5668413639310707,-0.1958924020011356,0.7349653485405054,0.7393561174161889,0.6212065942314633,0.3134014462301464,0.19181472520040505,-0.317327857480254,-0.08878760511378238,2.375169877757448,-0.3690033826117402,-0.14884913017621137,1.282500345005338,0.7409723907801516,1.9865022265876715,3.1401191840915286,1.281437671159646,1.5668641145552418,0.4065395972328825,0.7788188765448835,0.9728217162340509,0.37770918868776504,2.563506245760699,1.6688545171705835,0.0833671463951253,0.625465289705638,2.2438596307538963,0.9238553290818334,0.17259546330969522,1.0804305150680154,0.3925131409221068,0.4547218276383217,0.255784710802092,0.7951034214173787,1.4260864367317403,0.2981073622427763,0.7053287065412723,0.9509576473209896,-0.882336848524077,0.9505984818470432,-0.003824264209024695,0.04603337665829417,0.3679234270447894,0.5481765030674356,0.5470930671075944,1.4218783005742754,0.8151607143090184,2.452598066519141,-0.188063613797754,0.1080591213869904,0.4657265298238523,-0.5399381730647218,2.5276092431079515,1.0303886935584836,-0.7477546080404116,-0.3188223839478397,-0.9170383767444158,-1.8106979665408234,0.8317082143798407,0.5672278684740206,-0.48175319317035303,-1.424061574140068,-0.095046200750149,0.7961763111765263,1.1713312100784403,-0.08021793364475213,0.4089201654897629,0.29549893686633966,-1.2025969476135527,-0.3340178298873658,0.5829819824168915,0.3975278446412261,1.6313773516597543,1.085808277174179,0.2243886560884125,-0.16764597297379377,0.556878825049172,-0.3942734305217022,1.009989614701639,-0.2967768335453043,0.180958444494861,0.07253321508233573,-0.005511201772077283,0.39312033186540474,-0.22149118878750734,0.46992055103516084,0.21726886763966294,1.3637835318579976,-0.022981456403517623,0.5286137641357745,-1.0069135902140922,-1.0713570718724639,1.3878046275719813,0.9404303204681912,0.03674731430074497,0.1669609808305333,-0.4482290452177343,-1.369537364619256,-1.034557765874749,-0.4633149066425847,0.07387645389136663,0.3379121901816018,-1.5275155117467427,-0.6389295652777952,0.11680907575731295,-0.4546099891210647,1.2415490718642261,1.156469194786862,0.39418783152283826,-1.5087364921150386,-0.05238377390860797,-0.8093559690058616,0.06901181751510661,-0.3641563015861532
sub-VUM022_ses-12,0.5905270756285027,0.6079581853047018,0.7711500482368449,-0.4020223619090726,-0.4435046999358632,0.9331782735033605,0.3879531840245893,0.7931926373183565,0.359662838356049,0.2924534901647975,0.6585128764451111,0.694403697561988,0.7577997185398717,1.3425006210560066,-0.24810371804608725,-0.32351073314828555,-0.13343832306905506,-0.23203250184458873,-0.7549306421916052,-0.8832628120439127,-0.6827607160194177,-0.6501764655847316,-0.8846557596059655,-0.9672908157516975,-0.4631156244748152,-0.972125606637345,-2.03034065427788,-1.377873749286704,-0.5545621244227581,-0.8942051064921499,-0.1724073991484676,0.08822962113898042,1.0386796759226007,-0.21675187428903872,-1.5693502005640516,-0.9744069680241241,-1.020126720608605,-0.913323104440853,-0.8286194199158583,-0.8385962090925447,-0.5852095426077409,-1.7954240795621208,-1.2054655858725685,0.114338843069969,-0.660843313444261,-1.5611807066959804,-0.25957176149565664,-1.7984347829515372,-1.852043097449463,-0.5556832458347928,-1.1062837116627577,-0.6513112242935717,-0.30256394585290497,-0.6875942679287477,-0.2801398157919353,-1.327247343808242,-0.9996533547207734,-1.0254206251946276,-1.0903837685447442,-0.16608218831953483,-1.098265937022123,-0.12396430707970568,-1.2316576959071868,-0.9077941428311171,-1.1932744988026416,-0.14239236587101614,-1.2213438750946612,-1.7251190905173028,-0.8721232022598054,-0.4866368012856896,-1.0505065721201161,-1.4909394520403956,-1.6108012348229916,-0.7734229766738226,-0.3085527213398186,-0.40001184164914677,-0.653567654779843,-1.0509808863293162,-1.3907934311284729,1.117153160095668,0.7284929344455783,-1.0033618520015744,-0.6961743220345402,-0.8546556060788223,-1.5870276668758134,-1.892021084510965,0.37525049223786167,-0.6819483655298775,0.7282168815822853,-0.5855414712175487,0.03197263374401866,-1.8061349858865339,-0.44721882522138073,0.40835704010470425,0.09447330550408536,-1.4376032382753239,-0.4614310523644908,-0.6851695787757184,-0.6414668038895401,-0.31838806970215683,-0.5601255072681995,-1.5217733027041302,-1.319098131480462,-1.4137567858582234,-1.4592513771262452,-1.1706910897113418,-1.009566827287715,-0.7298891908213067,-0.851388344630709,-1.5992024865221683,-0.8141315470078803,-1.3134402148876232,-1.250487342065057,-0.4664063530176804,-0.10165785245546805,-1.7082562910204564,-1.634128527374137,-0.6989071182003579,-0.6812856269570862,-1.7816703072677431,-1.0290634740154296,1.447561115175338,-0.903000081095913,-0.692369670511377,0.29813625006042227,-0.2006626128997088,-0.7841840736516248,-2.8608628477016746,-2.652591654295662,-2.3538241122474868,-0.35279104341612755,-0.08102636373582953,0.3823538651891704,0.4378725983408366,0.49845885017082225
sub-VUM028_ses-12,0.2617989501028994,0.5316321358854542,-0.45406125796311775,-0.042031068962560404,0.3721651538963569,0.08702656418459404,1.0913487668864914,-0.5104671120018969,0.022277672611493278,-0.054905541659742645,0.8241277448907304,0.4937292728888845,-0.15692517191781244,-0.7946621334372336,-0.5836100354807822,-0.5253489589562066,0.5416419306139695,0.4524220649433375,-0.8637082979152936,-0.9234075437204474,-0.5355257843998897,-0.6307068064186233,-0.7606783552370961,-1.3331265703583546,-0.10465007365872732,-0.37931230249056874,-0.48582038755032314,-0.12054539334074889,-0.9254494995018804,-0.888056881290789,0.0521161865978727,0.1509870922420199,0.13526991128294386,-0.06893827520367753,0.06033793440903787,1.5149960985381465,0.2617863715573695,0.4133447307617813,0.38793504523438643,-0.24414427575008285,0.02231847343122651,-0.30419113533151404,-0.26650645260563205,0.8195580112112705,1.128409775120017,-0.23979129934134474,-0.6764671486812442,-0.17967302523111392,0.10607006527297938,-0.0907053007656199,0.41396901268713776,0.6195518622687533,-0.4415414848082234,-1.4019535910512972,-1.8044937953722122,-1.0562998071745724,-0.5982021069005025,0.766754048168643,1.2155097747711892,0.7623960749085748,-0.8221570653364217,1.2964255668597269,0.5466706726405101,0.1331852572420062,1.4557581098621577,-1.4551897073008784,1.106084117780339,-0.3692728451315728,-0.4359531910194036,-0.26857773177202865,0.7795401389451623,-0.6951457646962421,-0.7512249176849778,0.03127944684994936,-0.13444888410846026,-0.5025044464802565,0.8879136541132098,0.9581567574441926,1.1477203511370995,0.6096954788230868,-0.44310748460080157,-0.9594946323363999,0.16460520846369722,-0.19268975379806866,0.283325818320832,-0.7873984404136877,-0.7769226009039278,1.0767371886347508,-0.792885538294833,-0.8757329355691578,-0.7373860429959973,-0.009937557162060887,-0.7674799253341269,-0.8104796215818575,-0.13665254463248203,0.02209570328959292,0.11726342426008639,-0.025883222243074863,0.5327017196076893,0.8334918804102258,-0.2309396651145801,0.3637270219598136,0.11843409907691035,-0.8408831426250556,-1.1274992311450167,0.055835288289637096,-0.4173835590613667,0.3071451797563965,1.1325808254261711,-0.9209995367835001,-1.1951160298390777,-0.14363452480700503,-1.1191251439238221,-0.9263656660321705,-0.6259382375909732,-0.5613245915707887,-1.3135120460622727,0.00994810253041167,0.025542405918637212,-0.3689484108155357,2.8280597636398292,0.37756293892728526,1.725125197987573,1.3511435001266634,1.671879030529514,-0.3645859031213086,-1.1982886870675442,0.05299982413952662,0.6799792211713349,0.3164805529072247,1.0450660659267863,-0.0003063378591147341,0.17446939106995576,0.1011564350975907,0.12720155910665978
sub-VUM034_ses-12,-0.6768377651184725,0.6365804538369197,1.6264862431311584,0.0779660286862772,-0.5293646845497806,-0.62247952748021,0.12330930136367538,1.9469460977906,0.5830967229550931,0.4075294884379575,-0.40730543751757725,-0.47059269216187005,0.38611035382940057,0.10933631938360792,0.8395402063752656,0.7399088052579866,1.3303720586544074,0.5418097882178805,-0.677232316674685,-0.4577286562726452,0.14168428477578113,0.4908447700035628,0.21047797898571324,0.048090054176985975,-0.08378699927260558,0.21818727283523398,-0.11798576043690258,-0.31143213244923074,0.4043989264574965,-0.43923644159139286,-0.5283283106440861,0.07029891510954,-1.4562406568906041,0.07887532388168368,-0.5531917164043605,-0.7069298769142346,-0.6777524164897429,0.643698631407897,0.2708782582096206,-0.4610389000777378,-0.9366912683620863,-0.41753195998254744,-0.0878140894628367,-0.1354262789800754,0.4129907562697885,-0.4246488848261904,0.4038597682780834,0.03633749410668009,-0.7028262282770832,0.5451380337566827,-0.7784567023835144,1.200992490107726,-0.2458384197486932,-0.2598886859318081,-0.0555844446064536,0.4368355385908267,0.8376816879022011,-0.21966467325912542,0.08580068998384796,-0.5841260959995802,0.3876485915196573,-0.8022232832863293,0.22908578003505087,0.766057773867156,-0.7424453467690045,0.5534969565779843,1.6705351374198953,1.8099163015972022,-0.03049937775367841,-1.261585186788082,-1.6871958271105074,0.9286772742427056,0.4378212987877117,0.5812268317707191,-1.238142852271535,0.7475392874420274,1.2929141052432875,-1.6327936623387285,-0.049961903277672186,0.0055036770579191836,-0.1905236463320959,-0.3878499260745874,0.21292967333377377,-0.5229547126366229,-0.3600815510564942,0.30377369964587553,0.1610183077318098,-0.5036623729255597,0.51295617811953,-0.5169797516179925,-1.0831302256605388,-0.10367116084549804,-0.4541810230499184,-0.008613396788067124,0.741904150766155,0.8069252089613576,-0.05669994601356058,-1.3091370233512554,-0.5920281292159726,-1.6498622055847483,-0.7229858712810423,-0.1566039281699994,-0.23834095379001338,-1.2189467285051583,-0.1013077056339501,-0.2386454038644435,-0.33001225719190563,-0.7644570031738961,-0.876383231812528,-0.11325220338688397,-0.2825531977347441,-0.46058722514970357,1.3573508414887763,1.711213519535294,1.1702075262991842,-0.6261687865926772,-0.702579102551534,-1.2434422623827088,-0.32462075885685315,-0.7257512487656445,-1.5836642863661492,-0.9436151805514106,0.34672548756283394,-0.007851335711247536,1.084870651173258,1.8317786880124003,0.9548653464505509,-0.4164350478965083,-1.1630839967735243,1.1387648466215325,1.1980588459016421,1.6765871029345663,0.2784116281295628,0.9288673971792395,0.9266851685616883
sub-VUM104_ses-12,0.7378257858378809,-1.4231627964630533,-0.9878582935974068,0.33977787810192284,0.43656014235679536,-1.0797167865530835,-0.17615614480525352,-0.7303685551758272,-0.920613320396472,-0.7304442722632946,0.15784019020743997,0.29023455900415784,0.07043800330401871,0.2590826279806484,-0.11450844232548606,-0.09371838686461809,-0.1902632602477607,0.14850380580989297,-1.2250055115689722,-0.5139312806197937,-0.45943674899459425,-1.182553833738253,-0.32675743994605405,-1.4675152149077393,0.6426273179896252,0.5157654927033806,0.1246695433133129,0.8007591987200273,-0.0199496918762741,-0.11952873112058969,0.24092011097547647,-0.23990229919977207,0.05314175086115704,1.039663717936531,0.8560092003076639,0.05569085262233299,0.30060206301270537,-0.727760240031482,-0.6363118412323144,-0.9055389943788583,-0.19182933298863916,1.1698329925908209,0.18516981585493825,-0.510073962055142,-0.09923232823244492,0.5859059158242981,0.5977645995271943,0.24707946419233337,-0.36123579976065184,-0.9422311760730213,-0.605536961225233,-0.6706925785548705,1.101392825226335,1.8498221812942341,0.6852843712755734,0.32572755594248776,-0.9589120152142604,-0.03900190376686007,-0.9259324460757008,-1.413810612992581,-1.05728864864474,-0.07377922588056031,-0.1855389408665193,0.03652836379380205,0.8272298760050439,1.3390407316124382,1.4890156465225932,-0.626391874049281,-0.7566302978750227,0.5231444283083382,0.16372594149543998,1.1974372701637177,1.3479003012252007,1.1958739090351076,0.003383320366364995,0.7511997376145682,-0.7300218215748066,-1.8169646130179666,-0.3792052321805381,1.270976269731419,0.9189022894481406,0.8493427535448017,0.8934992202540182,-0.07566108360093009,-0.4863105753177415,-0.6545747130412598,-0.881338287469903,-0.8345490880132344,-0.5545611880324974,-0.5137908344273159,-0.9600951336312648,0.23202593141611497,0.5460547316500362,-1.4533671513730524,-0.8314224194405951,0.01873814390704029,-0.07178860568015182,1.3957029840304356,0.7032651472314971,-0.5289467702603343,-0.26905592052184163,0.07465427188769516,1.5079790418217733,0.8802141861086002,-0.7509445445489603,1.1765773399828408,0.28935319383827446,0.7115885842817007,0.7295382696193404,0.753698671862459,0.28802356316678107,0.4485665732017216,0.18404757172729222,-1.2246205330650035,-0.7100820031065483,0.6950316869783183,-0.09587406868446713,1.4564445428033517,1.3091644051752067,-0.4115111859009545,-0.16975735772662584,0.20159506909338856,1.3320521347846106,-0.5517839978384889,1.4800275114228347,0.18320838318884697,0.9377692844287929,-0.2041607133304128,0.10628529293823993,-0.4266836025802767,0.7260041999963174,-0.16695413321749308,1.291244124128992,-1.8635474376250307,-2.0577523615605164
sub-VUM117_ses-12,-0.19799209882778707,-0.17120356918345045,-0.021139252684914917,-0.2492987830832793,-0.2073897422475888,-1.0534387831580907,-1.4993755581098216,0.4706316344664096,-0.6904764192594575,-0.27227131617571193,-0.2608309735760137,-0.17945206739289113,0.11986478052615536,0.5399432159944505,-0.3377681609125434,-0.26553500716931333,-0.9585364109038637,-0.5231810862245274,-0.618958572536995,-1.228507504462111,-0.5332307554897533,-0.7669944205813813,0.1347140096491812,-0.2953475930047746,-0.5560511376493563,-0.47772399725011233,-0.4107127935324001,0.46631301119111473,-0.24715997570852832,-0.1010840555165042,0.7881963512321808,0.22629605756566834,-0.23763633063219738,-1.0086104408177585,0.2328931487003063,-0.21800663595522765,-0.9833015774330297,1.2473111673602215,0.1914468670142433,0.010238308337907533,1.3747084248436416,0.01209504026534734,1.1359978145704739,-1.6634011432862301,-0.7638523634956743,-0.12887674805043758,-0.1252234141302024,-0.28372687296090593,-1.3771181150511533,0.12777831197772668,-0.48305214457144996,-0.7371429360221817,-0.6429171024781748,-2.023795040053941,-1.8208846983784517,-0.3243516056929698,0.8754419537862845,-0.624349276921799,0.475478823660494,-0.03801622097772686,-1.7256087090853969,1.1519533634076438,-0.8060057217901483,-1.0888340384960087,0.033507310526846065,-0.30462423245421877,0.36260017561193647,-0.3046418323981594,-0.07718799867518647,-0.540312879935206,-0.18071250792559218,0.860710512268461,0.7813769810970699,-0.5725843483571703,0.9661360869611972,0.5736679042463952,-0.5853788033140647,-0.34359700758406003,-0.7800231978014178,-0.39570505219821567,-1.4573287428797572,-0.27269847445350287,0.0609089609299916,-0.07494311629910627,0.28621105316108875,-0.9622549929039722,0.28883751025222737,-0.2770276365641387,-1.317858070209102,0.12080368651741195,-0.26081973716108875,0.007501252825555375,-0.08286380552789374,-0.39211463473292374,-0.00298940238482877,-1.1480137415301268,-1.939232131474797,-0.9677208744325657,-0.8318057013827751,0.5733899561913007,0.9541293666384478,-0.09878937815557556,-0.3969076439530909,-0.1928920620226961,-1.0773630547427093,1.7769748676756276,2.4911100009486966,0.47307067904882916,-0.37336112727842125,-0.27327761849376053,-0.46794564686047707,0.3463910316438781,-0.11450287859369637,-0.10346970759218468,0.15077344409125704,-2.2050091421702867,-1.2042910469340555,-1.158283682565645,-1.1113268611508575,-1.3451754649023815,0.41271284217940735,-1.4644233114307674,-0.04105959721138889,-0.15513156422569954,-0.03116113348089126,-0.42579776465975416,-1.331258058347885,1.5847414982332002,1.4671406575841863,0.8576057839941319,-0.3737131329853386,0.0022975339433596383,-0.28964478370782526,1.6306915477301314,0.6712831590321183
sub-VUM120_ses-12,-1.2471811475549588,-0.8931207866071674,-0.45195969483069953,0.7106779981074203,1.5098099500307693,-0.1074306609383524,-0.4059784639581517,0.29331057684074735,0.710454037176548,1.1299510331527975,0.6278882292386216,0.48873953043755414,0.2496924486963028,0.7863000462670011,1.41979724378247,1.6215619516648059,0.5439149281011185,0.8252965677457164,-1.6096122228777272,-1.330207491375999,-0.7943344291891322,-0.5993321327305635,-0.39563377570653707,-0.30281362881307455,0.9991962256797013,1.242137525452395,2.350935663434331,2.1527421360420886,0.1537993487013347,-0.008860677496082261,0.5037147624740341,1.1533135592877162,-0.08225872983422138,1.8104060560244846,0.8560092003076639,2.22536548934627,-0.5314471179273217,2.2881695332426726,2.0894390566300887,0.6154010873261795,-0.16622470396017716,1.3917673822216396,0.8867516401498966,0.6182767069709411,0.829260205107692,1.406125869197796,2.266731182778464,1.078193108717628,2.0083097006544444,0.7328098549593012,-0.09758522157277996,2.1063786105998394,2.52803980674726,1.555585007863715,1.4048450132494892,-0.6888637592936617,1.299748099378503,0.2645115489801457,0.8723070148357941,-0.08283930954735928,1.0452365050043328,0.0935043781165896,-0.5942824600531754,1.1319731562067865,0.12498943042856167,0.21836007429426318,0.3775195858226731,1.4684959517228686,2.208097130640719,0.35205192761300413,0.22287193786066728,1.5353291725499603,1.2664776045178834,-0.22886723278168852,0.8915201567191865,-0.9344375668399326,1.249521199765065,1.6948405601611467,-0.6130157121260511,-0.25456838459427833,0.613858730923627,-0.8772435954641966,1.9596577264500814,0.5906125724907614,0.4030630641915006,-0.05266465735355066,1.2483816643843735,0.6808818491234678,1.7693757942490775,1.4920380785085325,-0.034995834069383745,2.7737324871111824,2.8296556194104885,1.0345099704219418,0.1432046594485412,1.3667982360020705,1.3429951301167413,2.078535281867816,2.1270989778302427,2.335270847626637,1.2451989533848042,2.603574588647643,0.8111201666314068,0.9198365706549866,1.8385356302723654,-0.10712975494126209,0.33012646804402285,0.6113419284591897,0.43897270613069506,1.1775022437389133,1.8725590264064549,0.7967975005519236,1.457365242346307,1.5566959378194891,1.1443171369097764,0.8542473443981351,0.46221000428036035,-0.210744555023669,0.09334588344810825,1.233947587082161,-0.12888225597883363,0.6996976683812749,0.5776338789511218,0.5159976588912978,-0.3332556896861843,0.5058675177389572,0.712671134475644,0.5607749944892603,0.9134593082429433,0.02825719222385878,2.0114050779047217,1.9083316933548107,1.7674446055416113,-0.016577756031811972,0.9479116090319744
sub-VUM132_ses-12,-0.5224369563017923,0.9736871721052629,1.000220429670457,-1.623810992515418,-1.173314569154165,-0.023341050074375563,0.18598811567810236,0.9121843996724204,-0.6212119150337535,-1.4315554469275498,0.8773179216177913,0.2544385805489557,0.5047346191625295,-0.21085855245522464,-0.7777406705122831,-0.5881918892707092,-0.12661933060761113,0.020807058274832466,-0.30816527046931436,-0.029518185056275393,2.1821415265725497,1.3801245526797572,1.6982068314121443,1.496501000987018,-0.6926094427221517,-0.32776331952128324,0.8275995898913165,0.1239789418808614,0.8153822339776065,0.9287436657115626,0.10569567865097636,0.721183543978212,-0.00013056941243456323,-2.1066543197375838,-1.4926589942123767,0.4463318135921246,-0.4229622366803565,0.1680604847034161,1.6651082036653124,0.9715367050493662,-0.08475542977870659,0.730711473000431,1.4175536782677924,-0.0355202301600575,-0.47316929074785014,0.3832472295149853,-0.1626193458711024,-0.12962180733577214,0.17337226866097505,1.7355936160120964,0.4752114210140289,0.1322492408418054,-0.7620407072970196,-0.44189106124965444,0.3689399432551503,1.2233630999698581,1.7449217603277134,-0.14378631007237358,-0.4540286511645334,0.6105464279175732,0.2793514722365731,1.3815881288946394,2.021382002655674,0.6118670152712102,-0.1869711798837651,0.05185894806413464,0.41481811134951635,-0.8244999782973514,0.4830754523829069,-0.24173969244727042,-1.2105486799319078,1.0409195268744569,0.3907541703113295,1.4411935758380003,1.330925079255471,1.4027598683266223,1.1152098256658054,0.5898148560857165,0.2554232133858551,2.5792656042622935,0.543912437249217,0.0974311914714114,0.5350927724676174,1.477302190242095,1.6776155548750609,-0.6461681480176886,-1.8804883916787982,-0.3978994959568967,0.45474792667296887,-1.7861687935074482,-0.7918952609836505,0.3584573038263324,0.16313385108044795,-0.1299392429742576,1.179094011867854,1.115820672156234,1.3039421286267403,0.3537950812958133,-1.0740552072832557,0.7932380111858673,-0.07500952935760304,0.0019198379985813391,0.8757986849873983,0.7027389219945783,1.0907598928677318,-0.055667109710451086,0.5728245287925261,-0.9891477834657323,-0.5420766157556988,0.49929929400024503,0.16322864595593303,-0.3792638349301955,-0.4175315856694996,1.5962236912816714,1.623289340613819,0.07727493618942598,1.5093222926966914,2.06095051784279,0.21316298757553087,0.8083198362279699,1.153109571565545,0.601780063393058,-0.7849018961873993,-0.6003195276898426,-1.118558363044492,-0.3479860762634251,1.1191774981041152,0.25405260797966067,0.5913520860788469,0.6753468941502389,0.09180335992960728,-0.04457215850118427,-0.9833987845475297,0.3349425306069095,0.988447263091359
sub-VUM137_ses-12,0.07453717967292751,-0.36519894479070497,0.15959517670307288,1.212484042820741,0.6190126096613711,0.34455099745552253,-0.09258439238601755,-0.4778027066498005,-0.44469914620050854,-0.10391939277608805,0.20881410957087293,0.20085308552813763,-0.062025759651309104,-0.22949058163550098,-0.6843757903211808,-0.7813725215260513,-0.45847696373125296,-0.3469595746261434,-0.4402524238480785,-0.7976207178006388,-0.6682843798170183,-0.40513158334122884,1.4915778241306954,1.2799859625463437,-0.6432967214458641,-0.23872416711979041,0.05726529227158628,-0.03851142281478866,-0.0199496918762741,-0.0703429295096969,0.48202782521444404,-1.80345986496694,1.899915520345664,0.11054966654283252,0.9998052122170538,-0.23417966937117432,1.2371550286401756,-0.4974063393853653,0.1914468670142433,1.7373621687247902,1.7052409086656086,1.5935259182496564,-0.6416944770641201,-0.3807837812292371,0.2676492198958767,-0.43697272385851327,0.03959569243154089,1.0518503624569207,0.32321491016632337,0.22581583051640752,0.42117400190206616,-0.5737858072483754,0.24767365735794908,-0.46160798524242175,-0.6833560297454279,0.6843919209827406,0.3438171577866697,2.7142987032952623,0.858006899838486,0.007721624501490207,0.03153644252573067,1.868231340522711,0.29377899889912656,0.686277480862288,-0.2231691409959547,-0.20002737110452257,-0.19936427565916448,-1.6703232318954953,1.241151218397914,1.8449178650526792,0.7412692001206036,-1.368599280486755,-0.44958302861736127,-0.4971013739562804,1.6646241006155742,-0.24078225914367324,-0.37461326241983967,-0.38126833840481333,-0.08336340041274554,0.21641577583683586,-0.34984575970158716,0.6560528168951243,0.5159643384565454,0.7198466868188909,1.3458135482454985,-0.6142232009281172,0.3014394034584651,-1.4162449113408824,-0.745659975800453,-0.09604268244862581,-0.5800880139459133,-0.5243824517967401,-0.23603215775572864,0.17546719742546335,-0.5432112689690933,-0.06939778988497637,-0.05758751422924195,-0.9000262931814457,-0.08033784634454774,-0.8447848210975999,0.7115713776831487,-0.6097954008637068,0.8152929742672769,-0.3967822491676422,-0.827748899888666,0.33887983705909447,0.14567594187516086,-0.19063131812090062,-1.679343982528462,-0.38875383379066486,-0.032363387749532506,-0.8359259492397414,0.7453224183307501,-1.6702061175477905,-1.0272392731267925,2.04923322408724,0.6996775959333235,1.509218873957589,-0.80853324916993,-0.2159035386998803,0.9849642666484916,-0.5491065691496081,-1.6450797205956762,-0.11998514605747787,0.4792498110081452,-1.065928587866886,-0.0661494687377827,0.6140773604375752,0.2787746633870608,-0.9706345528895701,-1.2903621822363982,-1.0809131358860984,0.5080514541914862,0.6140727243485242,0.1596574713096134
sub-VUM140_ses-12,0.5047347402470824,-1.0341119612288332,-1.0656161294968898,-1.0892784666251418,-0.3469122172452055,-0.2966322853822997,-1.1999101119408935,-1.0015997781887669,-0.9072072873205299,-1.1396033772345318,-1.2273206620597592,-1.2902121261240185,-0.8047454653759566,-0.26330426422193026,0.6584559849883549,0.6369652799312823,-0.5653078456272193,-0.5742597852385518,-1.0307596977766718,-0.3801155083646781,0.3634193856320488,0.6706600935122065,-1.0843971333113653,-0.780639920544218,-0.7153691602342843,-1.5485369616575315,-0.21427754763936843,-0.9361523695315372,-0.8485989623233243,-0.8265746292771743,-0.7732631314582756,-0.4819668305972117,-0.7370643331971184,0.1316658949835984,0.347929958227818,0.2024922328593888,0.2936351440335428,-0.4462165836862283,0.12873787396526296,0.7358981008415433,-0.6317634135685815,-0.6738839822299092,0.08362507812803643,0.2994588747070606,-0.3546383290448537,-0.07273481468096615,-0.8579066693500542,1.158538484812783,1.6705288308203523,-0.13832352405583614,-0.61994693965509,0.5531015048014422,0.7156592477176951,-1.7325912395453857,-1.034121354078954,-0.5299988367350714,-0.5107572806426215,-1.715552404655081,-0.7793562673532929,0.3114209184834933,1.0208452619225565,-0.4919882358734344,-0.18921469193834228,0.10019917455730203,0.028900297294385764,-1.941885307050486,-2.096615940791242,0.3739838013026771,-1.3107505093381804,-0.9898500386249055,0.055871477535318535,-0.39026628955463155,-0.57326307424873,-0.5901071817002339,-0.1645025226781589,-1.0241185960671535,-0.17624569451939298,1.5776408642743585,1.5533099592058477,-0.9221923965185187,-0.1730370729134934,0.22971827577420456,-0.1656119681484926,-0.6220342002881889,-0.4437533614239503,-0.20398282777783497,0.8703248681972241,0.5418792108217968,0.3877535240646627,-0.56321905088281,-1.276248597959652,0.13175277398732146,-0.42865296434527944,-0.5748006789902906,-0.5738424057341809,0.6843742914981737,1.1583809412549146,0.26255455873995603,0.6488826050905734,0.21110513317208393,-0.49428833883747536,0.08957415576238514,0.3208152694166284,-0.860694334898248,-0.09490734268897438,-1.3765416706345832,-1.9648263943938231,0.269120586168547,-0.14215842084659566,-0.9145516262846887,-0.4637458179158814,-0.6065522845180518,-0.31154617580554883,0.11213622038335756,-0.6065204455489175,-0.8600710614930647,-1.1507375247808647,-0.03682914553811697,0.33762416550634106,0.3555243565958523,0.07642223234530232,-0.459703538508193,-0.2208508637885293,0.9394283158703514,-0.24090924951916387,-0.9798169860416154,-0.32733930518131016,-1.204748986395267,-0.6322741661658267,-0.9932403066686577,-1.006606342453973,0.19758791912895896,-1.4741028339219542,-1.129682194830085,-1.120091471882788
sub-VUM146_ses-12,-1.8919653585404594,-0.42880398597341135,0.06922796200907874,0.7979486145793022,1.0053825404240013,-0.09166385890135674,0.11634498866207238,1.473895513137926,0.8512173844739459,0.5162123756959426,0.7556252445604259,1.1697309023822817,1.6731836326938507,2.1885327608715426,1.7720029706822404,1.5899035871814884,0.8575885813275744,0.5086086338587649,-1.2016960139138964,-0.7414180934534902,-0.9371558436737822,-0.2478861831971186,0.1347140096491812,1.1008011031471643,0.3638207784660009,0.853177017593244,1.7385198968266466,1.592702529566788,1.460258480736804,1.3775641054109589,-0.6584499342016246,1.2860007839055718,0.3417001523431111,0.9763150326142332,1.0285644145989319,-0.43447646783020816,0.18614553692645747,0.8249956828423404,1.750810494165588,2.6692057399102707,3.4649772309853777,-0.24722401927654453,2.0182501462496596,-0.25590122020421496,0.6288864365145325,2.3016581722132687,1.9426331076906656,2.1029259382591157,0.564486960047818,0.09416544847875027,-0.16963511372206416,1.8654960647808363,0.7837298790427493,0.8442590576631303,0.5066235285075625,1.313029191229922,0.057634090033603994,1.0919470332547199,0.5648545423936694,0.33703411195185456,0.3066696644881615,0.8059804551408118,1.6707153504038126,0.4139505191629811,0.009155954869554214,-0.05060328346209861,-0.49029277476853944,1.4235352472126683,0.49659057949176455,-0.6443102823186437,0.8212902540264995,0.5251488988641912,1.0235837371251668,0.46126281888358994,0.076962918243903,-0.17123370586541978,-0.4655317310408777,1.8873829176894414,-0.06904847306914268,-0.3195864000073284,0.2621843099495071,1.0282387587418438,0.5371062918372038,0.9883664577006718,0.45571860002619247,0.9258595113901567,-0.5626904163978768,0.29711369555146205,0.7655580240197017,-1.1467908967767046,1.7264306100459157,1.3350306631328426,0.9150512165625485,1.7666486974075755,0.1933283377914118,1.0251665688273024,1.0678489832553641,1.4898867492493846,0.27067674383778156,1.6788231341217308,2.3748261590909068,1.6804067739012025,1.124080739321691,-0.8441850080039207,0.07470227535287535,0.6762460669055174,1.594097968422228,0.7461563966342916,0.8951293971988908,0.5526410990358702,0.21422656885459673,2.8507344073779644,2.962059511964089,-0.14299746105436784,-0.6227019389172976,0.4599714800239691,1.5445548730606318,1.6855331166774241,0.8809808005027906,0.9405361162805489,-0.1381720518306043,2.3387532301405596,0.08585188507835624,0.34361284597097064,0.5200540520121779,1.861865874192314,1.7279872623233903,0.8422488918654483,0.40933291615771566,1.990719192170893,-0.07034283423177858,3.595640621358389,2.076854055393465,1.7374261716513568,0.7271566281410001
sub-VUM163_ses-12,-0.3772629502049622,-0.2369287784055806,2.0026660438340627,1.0924869451719035,1.3488224788796732,0.8701110653553777,0.6177755031774874,0.7132815027962647,1.2824447817501006,1.673365469442722,-0.279165466311478,0.1700468495242674,-0.916779493746134,-0.38889794240009196,0.0008218542926908118,-0.05262712194341467,1.5826747797278606,1.645109686920807,-0.043990963711785784,0.32375545369722974,0.07177417335931444,-0.2930260299261848,1.1747466796324735,0.39152770135874654,2.2775336926111476,1.8302645584201471,1.8405891912612606,1.3103163617947362,1.0726644671406016,0.7781121482782025,-0.8472538585792283,-0.5644480783326362,1.1363455964241853,0.036642867000151916,1.1531876249204036,-0.24040006683884713,-0.69666262514747,2.2071190867190382,1.6065798101529303,0.9581481479921038,-0.18251855879647108,-1.73430311129481,-1.6901109250236912,0.04675533945642781,1.3697049471582585,2.045596183430558,0.5437482536792271,-0.015030861101697449,-0.11996374987915717,1.469491779978533,1.2353377831889767,-0.5294855689368346,0.06898825012968174,-0.1522039472020817,-0.021163548293350723,-0.9997711844236632,-0.5673976794687484,0.8751517098640023,0.14300114997308047,1.0487149876084751,0.6803435085009665,0.36724118465737915,-0.19803649451071648,0.9332895418965893,0.9272678776241862,-0.03566087469785697,-0.5027256166108202,0.6128375440131177,-0.18162307178908532,1.7878870314875683,1.7850220771540324,-0.9192418884627515,-0.17714337254604046,-0.4485766046985648,-1.503443937576461,0.4656846241564758,1.6483226643982554,0.11683036911403581,-0.09767832775634841,-0.01194018073582529,-1.5622481833913735,0.658794518124198,1.7744139444481213,0.9273392370457211,0.7557830234129267,-0.02240102326869334,1.5220227740055488,0.3197771691876037,-0.22837532615271094,0.9435443217120839,0.4851778461556472,1.0974268770515707,1.9176077038720156,1.3859365593750461,0.3450916972184346,-0.1306732486165675,0.010755238378261653,-0.017053494253799366,-1.383046923993053,1.9234428009466726,1.9624775778669008,0.8784630156366169,-0.22164972324653154,-0.5098711383937868,-0.1994466041235736,0.45610030675149554,-0.17468549831286345,2.4468927643817246,1.0107307504148046,-0.48371397022771206,-0.992924264934962,1.826893776665695,0.6378442562151941,0.9817467965513772,1.050464475373174,0.3065454828739627,0.10072372974632435,0.6552342425526679,1.2608660376199672,0.1445216630872858,1.3937152841264087,-0.2496773712870904,-0.49582574208297797,0.8381731587666643,0.2888300196559939,0.9136007649357202,1.0517430312405138,0.43079203191354615,0.2235018264476598,1.094966198674551,1.5720411969512893,1.2287211529089244,1.2815750788211215,0.25326103858571913,1.5477297332890874
sub-VUM164_ses-12,0.5797765807163803,-0.8888804505283203,1.3427752202546666,0.8088574416382874,0.2541076750522197,-0.8537259573561463,0.26955986809733834,-0.44338842243955606,1.9616837909311935,1.2322408093956068,0.23500624205010634,-0.0807419449861198,0.7841606663916788,0.32049931676007865,-1.0038943208532318,-0.9353140108639749,-0.7744236144448569,-1.1744344986533393,0.39500457545881307,0.6315317298839956,-0.6428625211201213,-0.3541632399191236,-0.16145423412089488,-0.2878815571964763,1.0333358019479015,1.059372949470384,0.6330901797423348,1.2203945094874353,-0.11016553986849366,-0.8173522914751316,-1.1534223845969651,-0.5034836778325397,-0.4529452917379632,0.8073852050881062,1.0189780138049724,1.8608501977407004,1.5337467223245391,-1.2460565164852437,0.07648037975777751,-1.4384035652579124,1.0651251829540527,1.188228623816905,-0.4517926298865366,1.5335924189543397,0.8151493763335261,0.2942417253926525,0.3553835604658069,0.20229679554913232,0.13019727026112896,0.1389825998107188,-0.9585814327567248,-0.06987059645459968,0.9283799706084895,1.202197062454896,1.3376423109239073,0.2721228274717972,-0.27823353809325657,1.0522012239664218,1.873315064647363,-1.2015870099690136,-0.7714232797263276,0.035715496735755775,0.18277131653008896,-0.5549197699249742,-1.376896883353568,0.14364803047305122,1.4144185954689077,-0.28637654619089065,-0.5354736724573548,0.13063810318374955,-0.1633166266417013,0.9313959447216746,1.8529271542199581,-0.537538681671042,-0.14170321065976652,0.5956306052816339,-0.44280211388561885,-0.1594260569048215,1.515136819622907,0.08796555026471374,1.1462277438899755,0.23383082761781487,-0.400186974705322,-0.48490244564000634,0.015720286886988427,-0.24937827890512057,-0.4024663456328468,0.24272135882472026,2.002208800035323,-1.2982644633338636,-0.4944306713938869,-0.7990437091016958,-1.5797363386635563,-0.740752123773702,0.10978887388662788,0.01034424545065796,-0.35669800291403037,0.10656269759607195,0.7650634905734575,-1.089404487922541,0.1328973183183669,-0.2722330281988463,1.2137961034929061,0.2957840140494021,0.06776854882915198,0.11873407690507262,-1.6716471370096315,0.22072564887492158,1.8980492453693774,1.1311945228838094,0.6420091456398622,0.3755840435175477,0.1243374816630945,-1.4833476466356539,-1.3476328418207122,0.6828734004117136,-0.16774853262690728,0.23903667640448414,0.5354617095306894,-0.10179907783258638,-0.39921531526536586,0.6330001693313304,0.8684726925317893,0.9143237314644778,1.5852595013806026,0.10228422725666465,0.16749671222624565,0.767438553692375,0.19967732776688396,0.7841370842120974,-0.779078618388803,-0.6278394422555079,-0.1518608880706716,-1.0157784412225885,-0.3563504492841768
sub-VUM168_ses-12,-0.5279137832373396,-0.08109642750794986,0.5862124925840201,2.0524637263626033,1.434682463493591,-0.08640825822235819,0.4088461221293983,-1.90745373375671,0.9495282936975253,0.2562258610788028,-2.048746232196978,-1.5264655839283536,0.21937735866672461,-1.4557541317596503,1.3066018148515905,1.6442612143623672,0.784852661738831,1.4510106306675141,0.8728492773878721,0.43883701783662926,-0.39076242237589337,-0.9335406133207661,-1.532093315754505,-0.9150285650936026,-0.04395749362637378,0.5743438824412032,-0.7997316138303634,0.35746024260859166,-0.34071715140416453,0.26473534396450993,-0.1137250983284011,-0.3941063710529558,-1.2675678559216341,0.2794794940689596,0.15620194234863144,-0.025174314457401415,0.7972438588130321,0.3941485723746042,1.067282469931688,-0.9965811823682446,0.019990779883184744,1.7525591172364454,1.0740159616722356,-0.9905045203514047,-1.1194452486046635,0.8460758509511167,1.2445757151938683,-0.6327682609152684,1.0292531192932222,-0.34280177700794223,-0.8505065945327985,1.3449682646202323,1.1751360091618104,0.8685260410388431,0.8786970267491998,0.16004021339671898,1.1477133446346872,-0.17630560858098174,2.0770917033590033,0.9444326999158592,-1.1021685359152076,-0.22813636956883865,0.13204595173893866,-1.1555733220673878,-0.1376103238216874,-0.5010101762128321,-0.2913673052920435,0.7055689970654058,-0.15582146549035747,2.7272184078541044,3.1801717561220486,0.9438241526255364,0.966897049544123,0.6984950241435298,2.858478984487746,-1.199820204349056,-1.7177270034124468,0.4558723465008158,1.873010003212978,0.6556838311884143,0.4098487077065957,1.7438227795300116,0.053861643136439104,0.28547646921601016,0.15060501566900727,-0.1300050555704069,0.018796941547119878,1.2973283320265339,1.6200112244994118,0.7569926660574782,2.221685790619447,0.5851618336653438,0.8547121687152194,0.39441154054307215,1.1192240627360923,1.2274595216261206,0.8006909503351224,-0.32315073121538257,-0.18910293062639644,-0.8757493358855671,-0.8823811211659526,0.5334407010344114,-0.25711858815143024,0.10097395669633555,0.5072601377174675,-0.4359188772492163,0.5864156201944425,0.9535632707498324,0.39835601446023955,2.6646248742376186,0.5094145461033361,0.13578430312669015,-0.38618378838579565,-1.159938754672341,-0.7489175871906598,1.4390030316491014,0.7306822666535919,1.2969221327234999,1.8608803730177559,-1.0707814042453183,-1.176771228058586,-1.8021680938538926,-0.5804333969428086,0.37457516673821434,-1.4836489404489923,-0.08135135735867194,-0.4194680838541175,0.9217348761743394,1.1841056132565626,1.3478680690780922,1.6295769432666203,-1.1277828283306424,0.13095868718453876,-0.3710743961503933,0.3480934847748613
sub-VUM179_ses-12,0.33580806586409295,-0.3736796169483992,0.23314988633771883,-0.2492987830832793,0.08238770582438434,0.09753776554259114,1.4186714638618314,0.6642848947681211,1.1729621782965682,1.164047625233734,0.19027813889325979,0.05810306235526976,1.636937329397617,0.8656586890718843,0.5259518638634816,0.42500499200964703,-0.9289874435709369,-0.030271640739191964,-0.22269711240070209,-0.6557759992102163,-0.36110358722951374,-0.38243764940875846,0.8923537030144941,0.32433337908405346,0.6331441023595702,1.068745491828437,-0.6957364836516994,-0.4833879552824919,-0.32735184059050093,-0.6452019858370068,0.16437797947104285,0.18326236309501232,0.2751097520011211,0.16334023764474723,-0.9749933513385717,0.46872524447574293,0.09955668675686165,-0.11348317164183852,-1.4577996501739736,-1.4785692364297,-0.662023429693128,-0.7652687309014227,-0.269143978260876,0.2730131559017621,0.1053746889929654,0.076520569154946,-0.14045879372834696,0.000774786654725961,-0.603777702536259,-0.7041400596219382,0.11496196026760878,-1.1413826106149911,-1.1988272582994495,-1.3079190304704096,-1.5127357218611486,0.08986675067145211,-0.05962147244855385,-0.9712217943469484,-1.2333849185178256,0.12115148128994944,0.6891243560104061,-0.5262053366910331,-0.9824417732376256,-0.6331658265259006,-0.20671552230859547,-2.0165973508716974,-1.6689261814167766,-1.5270109862692325,-1.0797647005686157,0.15747614250850775,0.5394769772274739,-1.7802836673021785,-2.0041724910672074,-0.5833676304144392,-0.9230978134719341,-0.7806986595932679,-0.6969605602580654,0.26751569239704914,0.3794859170304133,-0.6621203348663205,-0.32264442327264964,-1.343332804406681,-1.8358262852205118,0.09880497074204522,0.009949817206474924,-0.9689802449228293,0.3608483285735893,1.2368924023301548,0.49648214469125834,-0.242732873219769,-1.8836370269649276,0.12521322024196513,-0.5725383861350637,0.09737239988032895,-0.12412162504676406,-0.9826539419393922,-0.8013696789706445,-1.3356262073190845,0.28550834623985133,-0.7456983737761046,-1.0140554580274002,-0.36361731693132215,-1.7906253943338235,-1.3716580022776879,-0.4479940318201216,-0.21291408124903863,-0.6348410214920258,-1.0582834081709125,-1.5106284940511836,-1.02182141003765,-0.548942347934826,-0.5982114239827176,-0.8056471710867844,-0.7862218128480677,-0.6356471336120015,-0.3702658026670076,-0.6314092902163723,-0.8176493632973906,-0.42028867920665514,-0.2566551318667708,-0.005327971150280448,1.1850284061489584,0.6851561070021563,-0.41287196412599425,-0.7792388852214854,-0.8864429599660208,-1.1726445940349068,0.6075314558474316,-0.3940291793580631,-0.7516413131546595,-0.07949624841830856,-0.7788640067990382,-0.7295863452159301,-0.2606128600456912,-0.6407847515860083
sub-VUM201_ses-12,0.7272107302317349,-0.34399726439646955,-1.8747179354779973,0.02342189339135101,-0.325447221091726,-1.142783994701066,-1.3879465548841736,-0.2369027171780935,-1.2267177422971622,-1.495486557079305,0.2301707714385552,0.5186779851455412,-0.1799910012881432,-0.19774712451354823,-1.6596782328865727,-1.4372821464946894,-1.5654267399724426,-1.3940729044136437,0.4727029009757333,-0.1044550175191399,0.7978860123894328,0.4779476709381154,0.28624194832224376,0.010759875135489429,-1.4000573287242717,-1.0471059455017597,-1.2253413132652624,-0.9345747931752696,0.010122257454466741,-0.41156942818526465,0.45396237699615233,0.5849101781544679,0.6768718340644575,0.2266889229670449,1.0669100177747692,-1.2530807745758221,-1.533688176786899,-0.7298931465189458,-0.11791749869406556,0.47348238251919555,-1.5395638973049703,-0.3273340262288452,-1.1896404319411031,0.48604811294444716,0.5696209556630345,-0.8436594119251732,-0.22494589877260202,-1.1622574607554719,-0.7675887258768523,-0.32599534525845403,0.9183182577321263,-0.33567202632384374,-1.2385351265723976,0.11473286993076068,0.8623061237429606,0.326702187369227,0.3080442743175353,0.15972714267463142,0.46832876616183994,0.38002768670231935,1.4130564506775105,0.10719121844362826,-1.0706597989613638,-1.554474787091724,-1.4604812662853515,0.9569419932125274,0.573958486930713,-0.2919966342546651,-0.2491987073333725,-0.6275365077406695,1.0613534157441886,-0.8916668021760574,-0.5354719491947009,1.2929234475505376,0.3546999919224989,-0.2151591079358954,0.7226073475295043,0.46005804992534394,0.06932915791901836,-0.29579932119767594,0.03874476071180574,0.39422034951861107,-0.26427441725823203,-0.48921024945094416,-0.331950511363988,0.7123327597914436,-1.1369766925107372,-0.07607817032367858,0.5942280763656729,-0.8087656745649406,1.2701105851778494,-1.1914169338230614,-1.5588497451779426,0.04159040163380562,-0.48612596863415886,-0.6972613944223872,-1.134207759851344,0.10067621226988699,-0.19404679809375375,-0.0025500188648899264,-0.06807930110173814,-0.8503785283430824,-0.5763383722955202,-0.31836294641958546,0.15150663069258105,-0.46736827155693406,0.41555618542749606,-1.901738029574111,-1.476260524176183,-0.38640913906382446,-0.5369428366645523,0.7822009946150885,-0.454850391959623,0.17322456664309413,0.0925200679650897,-0.6510643257528674,-1.2162701242577951,-0.9339927751601396,-0.926492723775997,1.4467614625092557,0.5269773311561882,-1.6276193197444622,-0.2878319238858948,0.4523993783964198,1.903818926762961,-1.4093375059893503,-0.9817385681252737,0.3223170415625895,0.08627271404638788,-0.2020389244005949,-0.9634545327174754,-0.30495933874865044,0.3146705480340773,0.07866555532369517,-0.48535242943262435
sub-VUM213_ses-12,-1.9478086773871488,0.26343087889837574,-0.4246393741092593,0.7652221334023465,0.20044518466852154,1.0645682904783236,-0.7054439101270806,2.0846032346315755,-1.2647015026789994,-0.5748785708940223,0.3873235663139613,0.34512172596880153,2.581977309884878,1.22449776958092,1.237432101783182,1.0033839284477128,0.8348586064560926,1.2645733792663254,0.13860010125297675,0.7894343411450321,-0.155786770114992,-0.4372503204369105,0.21047797898571324,2.325230975708222,-0.8993435434573558,-0.8737139118778015,1.137659144683257,1.1699120660868447,2.0750627781652575,2.5703197944751075,-1.3549833308919743,-3.603702750322716,-0.579467052387743,0.8073852050881062,-0.3327044981432958,-0.23293558987764063,2.8216314593297964,-0.8152094060175075,0.0702094804528791,0.8162294431851198,-0.5758987684155729,0.14679853343699406,-0.39376706547116463,-0.11338817997566017,0.5357549666050355,1.9935621964051937,0.8872368118919368,1.2415181355340086,0.46670828720110724,0.2902404855561126,1.1740953748620855,1.054247950700747,0.9227074179980683,0.39531986521244145,0.1607754750759085,-0.14696868602632365,0.28320199413063696,0.5282791924388527,0.5148041399030917,-1.0012552467700417,0.432528478790125,0.5854702498718415,2.2360458652501043,0.36332071783297,1.1760465921770542,0.856614391509757,1.2876036086776412,0.5158910249129982,0.9524189574359581,0.8116533510494883,0.1254550026708805,2.080616794331898,1.4643656775280738,1.035472588433217,1.3112347643304967,1.5491778752282077,1.5512052092803272,0.5437721184159069,-0.40306344441987624,-3.161349415133784,-3.3827947715281197,1.5848041082437514,-0.36394362605276415,1.040060103431923,1.6480418977624256,2.1263169967561466,1.3545976214083817,-0.7000791444387912,-0.5534629191372794,0.34881126565081877,1.379129021153155,0.5306655524540427,-0.17801384251791244,1.6118536522734703,1.7067849588664004,1.770544751754069,2.1000908180933737,1.380986770714975,1.0938306771526816,0.5671970532337066,1.193222241465813,1.6151322819494336,0.5628381122971142,2.7812631779904256,3.211946845548351,0.350315980443719,0.11461059009935243,1.5896110180374892,-0.12966097725568615,1.803535735805376,3.2309037022014646,0.8885469664405996,1.866379359286061,1.6034105555475229,1.3514402520250381,1.919544834043461,1.4973432153729505,1.7610963635573547,-0.18715617427655426,0.5556599585932483,-0.03970021580183336,0.17037496315511613,0.7732890808144794,1.5846161351012797,0.5572789736298913,3.5768354864474023,0.9073762852790006,0.8861999655421293,0.3369064401681551,1.7349916025449656,-0.8353067341060578,0.28611956041309744,1.3033304307638298,1.9293621491003894,2.380353978833207
sub-VUM229_ses-12,1.7562701121076991,-1.7242266580611967,-0.6474050661456163,0.4161396675148195,0.47949013466375434,-0.6697799335911969,-0.7124082228286835,-1.7301326761310467,-0.5452443942700781,-0.9307617507387965,-2.082191570593538,-2.0877031370411334,-0.9187565648350196,-0.9485488929632245,-1.298648386212643,-1.2134338196650327,-1.4767798379736612,-1.7286383829555028,-0.5373753307442288,-0.6343654756493978,-0.6132036859737414,-0.4347701090781706,0.8165897336779621,-0.32521173623797117,-0.4839786988609361,-0.7167238273804333,-0.5763346675206408,-0.2861909107489355,-1.8576799287548107,-1.4075819108058452,-2.022175577172292,-0.4461054185383317,-2.812465143855789,0.5539904637989156,-0.649055724343954,-0.25781717974832746,-0.40902839872203045,-0.7960132476303304,-0.7889037243181697,-0.34054188656237405,0.017663086335142464,-0.16117993773518466,-0.04033862766844156,-2.0674329583671844,-2.6758696623951983,-0.8244889956526704,-1.6335259943464948,-0.5366172370636899,-1.8495033916612371,-1.7237302524242215,-2.302311921340874,-1.2493644414993716,-0.20896682778095524,-0.5101419519938469,-1.2029476550432212,-1.2999576638595265,-1.9913571797817395,-1.5168233582135895,-0.2645521274502011,-2.173058847947587,-0.06700417952464346,-0.993078667846713,-0.8287953784354478,-2.1167724291356445,-1.4025645285058477,-0.5372988832117065,-0.9204691025114615,-0.9748373340033343,-0.9016107523154945,-1.2984874908596251,-0.24333768054759716,-1.0811969727099502,-0.4241599081264682,0.08519585713629933,-1.115855633263795,-0.66173402898573,-0.862266866841771,-1.6034937383670314,-1.8345561787801616,-1.0109974907412205,-1.016278502210556,-0.07803768718928886,-0.8582626312862557,-0.45546578626526674,-1.352602336104927,0.20625754537244798,1.2429808530102713,-0.7348298040142093,-2.2030627997549197,0.1989321576889989,0.027300415059362516,-0.668252634194574,-1.0343641754280823,-1.9930579844081773,-1.6515014901058842,-2.082254639725501,-2.090118728140714,-0.9912668157373029,-1.3509117854552342,-1.371181572493043,-1.8734037617547419,-1.7903312124485498,-2.0368210448501807,-1.6952408094065097,-1.5147211893160333,-1.4108501007884569,-1.1144123895310678,-1.303714875874302,-0.510833006778425,-1.3483201507502156,-1.441705986443207,-1.4760869953266398,-1.3072119276260445,0.029487281326065973,-0.38968843441262835,-0.3447912974798365,-0.7244233023771767,-1.1067087680285506,-0.5893329656499946,-2.0488196402506924,-1.8539973456526815,0.041237252228626814,-0.09570204097502968,-2.105757772562012,-0.2831452182777232,-0.37081083819301514,0.7801056013392452,-1.424504354778669,-0.5827192089098122,-0.44222505830339953,0.3363302817697613,-0.5419116727738443,-1.3145635863420917,-0.4353636313153607,-2.0043438984417326
sub-VUM234_ses-12,1.7713292699413037,-1.4358838046995948,-0.6957410181912407,0.21978078045308527,0.5868151154311518,-0.29137668470330114,-0.5731219687966237,-1.0010164852360501,-0.473745551198384,-0.5429130158181441,-1.722351965917288,-1.4720123076116525,-0.2636870107176292,-0.37785673992289087,-1.6392783860968498,-1.5421208664299182,-1.5745187299210357,-1.4681370179839788,-0.5334904144683827,-0.3640576156940642,-1.4572447028477984,-1.365965463717069,0.7201628636132874,-0.3998720943209626,-0.6300202195637874,-0.5691062852411178,-0.16227998255003642,-0.2183551274293919,-1.3898940502766388,-1.2262092673656777,-1.1483195758300022,-1.055749423539292,-0.8325105736873026,1.2297097739034233,1.3832612439754282,0.14650865565034124,0.12045744369435026,0.15526304577863137,-1.0146560992945037,-0.33250875232801674,-0.11967083299933669,-0.7308510982848787,-1.2733818714951066,0.5786081287629926,-0.18813054950969238,-1.9418504012499582,-1.6764620641230836,0.7739343894064653,1.3149700204686765,-1.4772359200983947,-1.0486437979433305,1.0071789474947344,0.7184955240229061,0.2542680243411101,-0.860377782212815,-1.277541141044511,-1.2977607169635488,-0.01732237142778823,-0.6649553473748279,-2.2261147487034787,-0.1792038977008114,-0.5459752171634233,-0.05174160185218343,0.7269347455666921,0.5613393980173226,2.0285261645910486,1.394526048521258,0.0943844201298687,-0.5305590807814061,-0.2719324866876238,-1.0713816296607845,-1.0338144300764769,-0.028727317788396968,-1.536340182225675,-1.7366187195827445,-0.7550755083854909,-0.3332866857739142,0.8786283923781583,-0.6130157121260511,-0.6256468140248534,-0.29350013424164534,-0.145209367301588,0.07500359651709748,-0.789320581612935,0.378538568049315,-0.9622549929039722,-0.6833085370861574,-0.6215124358334985,-1.1893606094685798,0.7553982074621398,1.0801070253351737,-1.1042228838849801,-0.9763458601902661,-1.0740495632966853,-0.746490631137399,0.21599475763203016,-0.204036269816749,-0.570383114915124,-1.3978785263951226,-0.030418082174061507,0.1017112911669718,-0.4568665911481345,-1.4526279758283167,-0.3191884127643028,-0.36692276785043176,-2.3085873564814814,-1.3376946054196908,0.4039350543436489,0.6451805253807024,-1.5024838290399907,-1.5485016367486455,-0.7671138498232346,-1.3624437609354276,-1.4186658682429916,-1.8071872534826985,0.3928114208941553,-0.7850233406031556,-0.3186920505664256,-0.4890209714968042,-0.15341776251064812,1.4810393651330558,0.5804936275260535,-0.05868619197385399,-2.187766081621196,-1.0004408232959776,-0.5585963795228222,-1.0282778480733934,-0.4529050877558812,-0.2977782046877266,0.28398478184978626,-0.12526331935095736,-1.0288356998366053,-0.8746220248339869,-1.242110712364955,-1.3194830675262486
